contract_id,category,n_observations,duration_hours,avg_spread,avg_spread_pct,avg_volume,total_volume,avg_volatility,max_volatility,avg_depth_resilience,spread_collapse_slope,liquidity_resilience,burst_intensity,regime_entropy,dominant_regime,regime_pct_1,regime_pct_3,regime_pct_4,regime_pct_5,regime_pct_2,lifecycle_spread_early,lifecycle_spread_mid_early,lifecycle_spread_mid_late,lifecycle_spread_late,lifecycle_volume_early,lifecycle_volume_mid_early,lifecycle_volume_mid_late,lifecycle_volume_late,lifecycle_volatility_short_early,lifecycle_volatility_short_mid_early,lifecycle_volatility_short_mid_late,lifecycle_volatility_short_late
KXNFLGAME-25OCT09PHINYG-NYG,Sports,10003,166.7,3.8396481055683296,0.12769714741628224,1987.5337398780366,19881300,0.005707984633190407,0.2527729018043241,0.007195036525567898,-14.548873322809209,1.0,5.238139463508451,0.4741100389682428,1,72.78816355093471,21.403578926322105,4.188743376986904,1.5695291412576227,0.049985004498650405,1.0,1.0,1.0,1.0,0.0,0.0,0.0,105.0,0.0,0.0,0.0,0.0
KXNCAAFGAME-25NOV01CINUTAH-CIN,Sports,22182,369.68333333333334,20.92209899918853,0.4426124651173513,292.0847083220629,6479023,0.003451811663224961,1.180643892119889,0.038332130615190335,-63.82516905659993,1.0,7.572997150495079,0.2608923978039345,1,89.79803444234064,6.879451807772067,2.3938328374357587,0.5364710125326841,0.39220989991885313,53.0,19.0,1.0,1.0,0.0,0.0,0.0,0.0,0.0,0.0,0.0,0.0
KXNCAAFGAME-25NOV01OKLATENN-TENN,Sports,22043,367.3666666666667,18.120446400217755,0.3647345683143452,303.5761466225105,6691729,0.0019557585850151025,1.1985324359398875,0.022843008214950302,-62.43360531209002,1.0,6.940113557918186,0.21612103344319025,1,92.09272785011115,4.917660935444359,2.31819625277866,0.5625368597740779,0.10887810189175702,53.0,6.0,2.0,1.0,0.0,0.0,0.0,0.0,0.0,0.0,0.0,0.0
KXMLBGAME-25OCT09MILCHC-MIL,Sports,1651,27.5,1.6408237431859478,0.07268988802776578,3810.8909751665656,6291781,0.018519664377423195,0.5821416398857661,0.04192565508836076,-1.069701684942574,1.0,3.85661203527876,0.6870142160082737,3,40.58146577831617,46.638400969109625,7.147183525136282,1.574803149606299,4.058146577831617,2.0,1.0,1.0,1.0,0.0,0.0,585.0,3831.5,0.0,0.0,0.0,0.013470288879207176
KXNFLGAME-25SEP28GBDAL-DAL,Sports,16397,273.26666666666665,8.570348234433128,0.21087476144341225,2251.5616881136793,36918857,0.0057843889230885055,0.8305395344999219,0.01968023433209251,-36.96299152114377,1.0,6.664217268500028,0.3722504214970739,1,82.6919558455815,12.294931999756054,3.616515216198085,1.2563273769591998,0.14026956150515338,2.0,2.0,1.0,1.0,0.0,0.0,0.0,0.0,0.0,0.0,0.0,0.0
KXNCAAFGAME-25NOV07TULNMEM-TULN,Sports,10949,182.46666666666667,5.288519499497671,0.1441156501223848,566.0730660334277,6197934,0.0019143447475190815,0.27666443551086073,0.017762135478562945,-18.854296770706682,1.0,6.074168330671142,0.19146163656696813,1,93.29619143300758,3.9546990592748195,1.9727829025481778,0.7671933509909581,0.009133254178463786,14.0,2.0,1.0,1.0,0.0,0.0,0.0,0.0,0.0,0.0,0.0,0.0
KXNFLGAME-25OCT02SFLA-LA,Sports,8660,144.31666666666666,1.781986143187067,0.029467521700600664,3687.5057736720555,31933800,0.0042523743635291865,0.4842361234700685,0.011884393063583817,-3.089621789482333,1.0,5.780506256270937,0.5195011154560536,1,67.37875288683603,26.143187066974594,4.630484988452656,1.766743648960739,0.08083140877598152,1.0,1.0,1.0,1.0,0.0,0.0,5.0,285.5,0.0,0.0,0.0,0.0
KXATPMATCH-25NOV04CAZNOR-NOR,Sports,1643,27.366666666666667,8.304321363359708,0.15151980523318911,631.7790626902008,1038013,0.013751637081736483,0.5736073197178557,0.03368034292712799,-36.78697504564831,1.0,4.0650111206708335,0.40986714764149906,1,80.15824710894705,14.120511259890446,3.8344491783323194,1.704199634814364,0.18259281801582472,1.0,1.0,1.0,1.0,0.0,0.0,0.0,206.0,0.0,0.0,0.0,0.011816314467109597
KXNFLGAME-25OCT09PHINYG-PHI,Sports,10003,166.7,4.589423173048085,0.07553725332062355,2607.420173947816,26082024,0.0034831948715772407,0.976501692551301,0.006094265986190333,-19.00637321798255,1.0,8.255351917516071,0.487962250339057,1,70.98870338898331,23.073078076577026,4.608617414775567,1.1896431070678797,0.13995801259622112,1.0,1.0,1.0,1.0,0.0,0.0,4.0,104.0,0.0,0.0,0.0,0.0
KXATPMATCH-25NOV08DJOMUS-DJO,Sports,1350,22.483333333333334,2.5125925925925925,0.03963392819797284,750.062962962963,1012585,0.0123320448397087,0.24462697326702845,0.04522388059701493,-5.023893412287226,1.0,3.947834832127518,0.5968829444542394,1,62.29629629629629,27.481481481481477,6.444444444444445,3.4814814814814814,0.2962962962962963,1.0,1.0,2.0,1.0,0.0,0.0,0.0,1173.0,0.0,0.0,0.0,0.016648061413390394
KXNBAGAME-25OCT31LALMEM-LAL,Sports,3414,56.88333333333333,4.042765084944347,0.10227470323024629,1764.2390158172232,6023112,0.008266035687670108,0.47014762603841725,0.10913631022326674,-12.337591572381703,1.0,4.57540204354887,0.5631174727385274,1,66.22729935559461,25.073227885178678,5.389572349150557,2.6654950205038075,0.6444053895723492,9.0,3.0,1.0,1.0,0.0,0.0,0.0,197.0,0.0,0.0,0.0,0.0
KXNBAGAME-25NOV05PHICLE-PHI,Sports,3336,55.583333333333336,4.812350119904076,0.17122642556215972,1380.4868105515588,4605304,0.014150864533541849,0.41813211682455276,0.08851473241130486,-13.257504155500808,1.0,3.8315779634059317,0.6118771345810211,1,64.89808153477217,24.040767386091126,4.886091127098322,2.6079136690647484,3.567146282973621,11.0,3.0,2.0,1.0,0.0,0.0,0.0,1000.0,0.0,0.0,0.0,0.0
KXMLBGAME-25OCT08PHILAD-PHI,Sports,8688,144.78333333333333,15.63409300184162,0.3174211036343634,718.236302946593,6240037,0.0039219988514719115,0.4065578140908709,0.022608896058999767,-47.8926766649138,1.0,4.832081398258544,0.3485517889865711,1,84.04696132596685,12.01657458563536,2.440147329650092,1.2430939226519337,0.2532228360957643,31.0,10.0,4.0,1.0,0.0,0.0,0.0,40.0,0.0,0.0,0.0,0.0
KXMLBGAME-25OCT08SEADET-SEA,Sports,1561,26.0,3.237027546444587,0.09785999214897131,4007.568866111467,6255815,0.017768766532006867,0.758287544405155,0.06453900709219858,-8.197847500822274,1.0,4.9035252246923795,0.6968048861309101,3,41.57591287636131,45.355541319666884,6.662395900064061,2.242152466367713,4.163997437540039,8.0,1.0,1.0,1.0,0.0,67.0,145.5,4495.5,0.0,0.0,0.0,0.01400389905610398
KXMLBGAME-25OCT08PHILAD-LAD,Sports,8688,144.78333333333333,13.914594843462247,0.273050620485209,815.6177486187845,7086087,0.005138782800824349,0.689472552576347,0.02733348697856649,-42.21094620810326,1.0,6.5265728484963565,0.39218923993651805,1,81.42265193370166,13.766114180478823,2.85451197053407,1.3121546961325967,0.6445672191528545,31.0,10.0,4.0,1.0,0.0,0.0,0.0,53.0,0.0,0.0,0.0,0.0
KXNFLGAME-25OCT19ATLSF-ATL,Sports,16326,272.0833333333333,3.149271101310793,0.07413996354244752,976.5674384417493,15943440,0.00223866338075049,1.199253358044098,0.005375091934297621,-8.969666072394336,1.0,7.74939732846895,0.3203224672946341,1,85.94266813671445,9.830944505696435,3.411735881416146,0.7227734901384295,0.09187798603454612,3.0,3.0,1.0,1.0,0.0,0.0,0.0,0.0,0.0,0.0,0.0,0.0
KXNCAAFGAME-25NOV01GTNCST-GT,Sports,22013,366.8666666666667,18.024712669786034,0.2839898328139246,312.4271566801435,6877459,0.0019255614904677284,1.227010821287064,0.029068763350452213,-61.11727611290222,1.0,6.82070051747384,0.2597724942746757,1,89.78330986235406,6.823240812247308,2.55303684186617,0.6632444464634535,0.1771680370690047,51.0,5.0,2.0,1.0,0.0,0.0,0.0,0.0,0.0,0.0,0.0,0.0
KXMLBGAME-25OCT29TORLAD-TOR,Sports,4956,82.58333333333333,12.048627925746569,0.27811317818619685,1432.112389023406,7097549,0.006155457474240602,0.23737622082548585,0.03511928831378892,-42.80237475705087,1.0,4.628227999500721,0.47355117599488417,1,73.22437449556094,21.10573042776433,3.9951573849878934,1.331719128329298,0.3430185633575464,39.0,10.0,2.0,1.0,0.0,0.0,0.0,549.0,0.0,0.0,0.0,0.0
KXNFLGAME-25NOV10PHIGB-GB,Sports,15218,253.61666666666667,1.7074517019319226,0.03129216889950139,1112.7981995005914,16934563,0.0025442291402968196,0.7084631145100636,0.003346922672277749,-3.2147093491665055,1.0,7.489093500592055,0.3348306727411521,1,85.28058877644894,10.086739387567354,3.265869365225391,1.3405178078591142,0.026284662899198317,3.0,1.0,1.0,1.0,0.0,0.0,0.0,4.0,0.0,0.0,0.0,0.0
KXMLBGAME-25OCT08TORNYY-NYY,Sports,1246,20.75,1.5674157303370786,0.05210044042921692,5463.4775280898875,6807493,0.026892594520102515,0.7129749878735813,0.04676375404530744,-0.5673726091898272,1.0,4.179522912195167,0.7001334095629084,1,47.67255216693419,38.84430176565008,7.223113964686998,2.8089887640449436,3.451043338683788,2.0,1.0,1.0,1.0,0.0,0.0,182.0,12994.0,0.0,0.0,0.0,0.0372841563133841
KXNBAGAME-25NOV10ATLLAC-ATL,Sports,3541,59.0,4.271109855972889,0.11365039562548407,1862.1214346229879,6593772,0.0070514582931401545,0.24421906840057472,0.08060039648824695,-13.097738502794714,1.0,4.446606915318787,0.4308575475660609,1,79.18667043208133,14.374470488562551,3.7842417396215757,2.343970629765603,0.31064670996893534,4.0,2.0,1.0,1.0,0.0,0.0,0.0,40.0,0.0,0.0,0.0,0.0
KXNFLGAME-25OCT06KCJAC-KC,Sports,14403,240.03333333333333,2.4947580365201696,0.04094607274988401,2078.3652711240716,29934695,0.0028347781427130584,0.5749889084999459,0.013312026679635935,-5.975066982770614,1.0,8.005519052860661,0.49975597471329464,1,70.47837256127197,22.655002430049294,5.4224814274803865,1.3955425952926475,0.048600985905714086,4.0,1.0,1.0,1.0,0.0,0.0,0.0,143.0,0.0,0.0,0.0,0.0
KXNBAGAME-25NOV03MIALAC-MIA,Sports,3471,57.833333333333336,8.770671276289255,0.20670927825647817,1678.6799193316047,5826698,0.008168147854040572,0.26918549986737517,0.1095926032938457,-35.133650510417596,1.0,3.988181928975057,0.43727056824538935,1,78.42120426390089,15.12532411408816,4.350331316623452,1.728608470181504,0.37453183520599254,10.0,3.0,1.0,1.0,0.0,0.0,0.0,50.0,0.0,0.0,0.0,0.0
KXNBAGAME-25NOV03LALPOR-LAL,Sports,3441,57.333333333333336,11.805870386515547,0.2295592812019742,2001.326649229875,6886565,0.011346416387872938,0.821082100896899,0.09108131740017487,-45.37806176028529,1.0,4.543853037227301,0.5328778424817864,1,67.01540249927346,26.126126126126124,4.504504504504505,1.947108398721302,0.4068584713746004,33.0,5.0,1.0,1.0,0.0,0.0,0.0,596.0,0.0,0.0,0.0,0.0
KXNFLGAME-25NOV02KCBUF-KC,Sports,19122,318.68333333333334,3.2600669386047483,0.06211100469544632,976.4711850224871,18672082,0.00220849625445409,1.408703922095966,0.005996232733361239,-8.384724532205801,1.0,8.163577916600389,0.2850545131973546,1,88.44786110239514,7.530593034201444,2.928563957745006,1.0197678067147786,0.07321409894362514,4.0,4.0,1.0,1.0,0.0,0.0,0.0,0.0,0.0,0.0,0.0,0.0
KXNCAAFGAME-25NOV08BYUTTU-BYU,Sports,11845,197.4,4.923089911355002,0.16310288554382807,756.7824398480371,8964088,0.007766141584505098,0.6123724356957945,0.027325728770595692,-18.386443187074775,1.0,5.388381323016599,0.5096392854727642,1,73.08569016462643,18.902490502321655,4.989447024060785,1.629379485014774,1.3929928239763614,14.0,1.0,1.0,1.0,0.0,0.0,0.0,36.0,0.0,0.0,0.0,0.0
KXNFLGAME-25SEP28LACNYG-LAC,Sports,15916,265.25,7.860643377733099,0.14848435570644777,1240.9616737873837,19751146,0.001944488163706066,0.4339208143244789,0.007714070162202943,-36.58987423181316,1.0,6.7532973415135675,0.42058515026151744,1,77.87132445338024,17.04574013571249,3.995978889168133,1.0115606936416186,0.07539582809751194,2.0,2.0,1.0,1.0,0.0,0.0,0.0,5.0,0.0,0.0,0.0,0.0
KXATPMATCH-25OCT31MEDZVE-ZVE,Sports,1436,23.916666666666668,4.557799442896936,0.11680679164339992,788.7221448467967,1132605,0.019351454346651017,0.6732194960010578,0.05203366058906031,-16.430804077668775,1.0,4.1215322394943765,0.4791283602209175,1,74.30362116991644,19.080779944289695,4.178272980501393,2.01949860724234,0.4178272980501393,21.0,1.0,1.0,1.0,0.0,0.0,0.0,1127.5,0.0,0.0,0.0,0.00972203468478174
KXMLBGAME-25OCT25LADTOR-LAD,Sports,7055,117.56666666666666,6.555350815024805,0.13166615589865313,892.0840538625089,6293653,0.004773505921390309,0.3572171653371745,0.03433640880056778,-19.005515941316304,1.0,5.379416748319686,0.47401119890536436,1,75.91778880226789,16.711552090715802,4.961020552799433,1.5024805102763998,0.9071580439404677,2.0,2.0,4.0,2.0,0.0,0.0,0.0,215.0,0.0,0.0,0.0,0.0
KXNFLGAME-25OCT05TBSEA-TB,Sports,12708,211.78333333333333,2.033050047214353,0.05044592930453422,1323.1573024866227,16814683,0.0031769481736009797,0.6251357681334297,0.008402898094188063,-4.488725878198446,1.0,6.437280845672462,0.4952254978170992,1,69.91658797607806,23.811772112055397,5.1621026125275415,1.054453887315077,0.05508341202392193,4.0,1.0,1.0,1.0,0.0,0.0,0.0,20.0,0.0,0.0,0.0,0.0
KXNCAAFGAME-25NOV08INDPSU-IND,Sports,11849,197.46666666666667,5.1165499198244575,0.06803649242109659,1067.7252088783864,12651476,0.0013553534651572152,0.35988123868770594,0.016200692626066392,-19.141554176980172,1.0,7.505448759720962,0.28806481763069663,1,88.041184910119,7.679972993501562,3.578361043126002,0.6920415224913495,0.008439530762089628,13.0,1.0,1.0,1.0,0.0,0.0,0.0,0.0,0.0,0.0,0.0,0.0
KXNBAGAME-25NOV02MIALAL-LAL,Sports,3416,56.916666666666664,10.153103044496486,0.1796718261062856,1478.199355971897,5049529,0.003320981168139931,0.08238145180262384,0.14815032295948324,-42.65560251504564,1.0,3.7961241116846387,0.44338952252059965,1,76.72716627634661,17.505854800936767,3.9812646370023423,1.639344262295082,0.14637002341920377,33.5,5.0,1.0,1.0,0.0,0.0,0.0,87.0,0.0,0.0,0.0,0.0
KXMLBGAME-25OCT08TORNYY-TOR,Sports,1246,20.75,1.6581059390048154,0.0414665099062147,5670.650080256822,7065630,0.010800793988303482,0.16873213525460723,0.05849514563106797,-1.1169123713927964,1.0,3.3432358703465006,0.6181204268211123,3,39.8876404494382,50.56179775280899,7.463884430176565,1.7656500802568218,0.32102728731942215,2.0,1.0,1.0,1.0,0.0,7.0,455.0,12511.0,0.0,0.0,0.0,0.022363331088576452
KXMLBGAME-25OCT06LADPHI-LAD,Sports,6374,106.21666666666667,5.1465327894571695,0.09332130556971788,992.6192343897081,6326955,0.003116262574407303,0.20599271825298926,0.021794468887492143,-7.974950589711868,1.0,4.410476619382474,0.43697049721312836,1,76.40414182616881,18.340131785378098,3.812362723564481,1.4276749294006903,0.015688735487919672,5.0,4.0,2.0,2.0,0.0,0.0,0.0,162.0,0.0,0.0,0.0,0.0
KXNFLGAME-25OCT06KCJAC-JAC,Sports,14403,240.03333333333333,2.796361869055058,0.07067709994360907,2019.5378740540166,29087404,0.0039892027950012374,0.8228755280902758,0.01400680886542069,-7.027166653526736,1.0,6.257773945554626,0.4435643355706116,1,76.19940290217316,18.058737762966047,4.256057765743248,1.4719155731444837,0.013885995973061168,3.0,1.0,1.0,1.0,0.0,0.0,0.0,76.0,0.0,0.0,0.0,0.0
KXMLBGAME-25OCT28TORLAD-LAD,Sports,11398,189.95,14.17485523776101,0.27453894409734636,787.880505351816,8980262,0.004216808159860575,0.6810938913900849,0.06649104320337197,-39.87756592027756,1.0,8.58870461106217,0.2868671585811571,1,88.10317599578873,8.861203719950868,1.7020529917529392,0.8948938410247412,0.43867345148271625,40.0,12.0,6.0,2.0,0.0,0.0,0.0,5.0,0.0,0.0,0.0,0.0
KXATPMATCH-25NOV11ALCFRI-ALC,Sports,1426,23.75,3.007713884992987,0.04534530655925754,2210.2980364656382,3151885,0.011557620302179508,0.22842883714200554,0.07669491525423729,-7.243622543002079,1.0,3.815103832407176,0.6468502310467089,1,50.84151472650772,38.49929873772791,6.872370266479663,2.805049088359046,0.9817671809256662,1.0,1.0,1.0,1.0,0.0,6.0,143.5,3221.0,0.0,0.0,0.0,0.008932519318438102
KXATPMATCH-25NOV10SINAUG-AUG,Sports,1451,24.166666666666668,1.2294968986905583,0.17338868664803805,1102.5968297725706,1599868,0.023527978144954848,0.6123724356957945,0.02019430950728661,-0.22795905929794094,1.0,3.967341885321516,0.6841685636330289,1,58.097863542384566,27.567195037904895,6.271536871123364,3.1013094417643003,4.962095106822881,1.0,1.0,1.0,1.0,0.0,0.0,0.0,998.5,0.0,0.0,0.0,0.0
KXNFLGAME-25SEP29NYJMIA-NYJ,Sports,17722,295.35,8.324399052025731,0.17474831118666873,905.4323439792348,16046072,0.00394225564394196,0.8117771543677117,0.005922538392050587,-35.583825056423706,1.0,7.7809856948518945,0.3709525409819181,1,82.75025392167927,12.39702065229658,3.532332693826882,1.0777564608960615,0.24263627130120752,3.0,2.0,1.0,1.0,0.0,0.0,0.0,5.0,0.0,0.0,0.0,0.0
KXMLBGAME-25OCT27TORLAD-TOR,Sports,10183,169.7,12.173524501620347,0.3018849709142058,1245.1938524992636,12679809,0.006798963537234915,0.43179243703444203,0.04327140469871228,-44.24667755255564,1.0,4.233026659112531,0.35778811597962745,1,82.64754983796524,13.689482470784641,2.4943533339880193,1.1195129136796622,0.049101443582441326,34.0,8.0,3.0,1.0,0.0,0.0,0.0,57.0,0.0,0.0,0.0,0.0
KXNFLGAME-25OCT26GBPIT-GB,Sports,17788,296.45,3.3874522149763884,0.05914830909250361,1084.705869125253,19294748,0.0014787509545653112,0.2243593568318105,0.006699291258859264,-9.697047453658728,1.0,6.549663078765871,0.27955527419143017,1,88.66089498538341,7.387002473577693,2.9176973240386777,1.028783449516528,0.005621767483696874,4.0,2.0,1.0,1.0,0.0,0.0,0.0,0.0,0.0,0.0,0.0,0.0
KXNBAGAME-25OCT31BOSPHI-PHI,Sports,3396,56.583333333333336,6.045936395759718,0.1243302214355018,2300.1166077738517,7811196,0.014156109817612365,1.173101615904874,0.0766095688127584,-22.511888997879023,1.0,5.1726360083203815,0.5642333738690745,1,63.81036513545347,28.209658421672557,5.270906949352179,2.2968197879858656,0.4122497055359246,21.0,1.0,1.0,1.0,0.0,0.0,0.0,695.0,0.0,0.0,0.0,0.008131156281816569
KXNBAGAME-25OCT31BOSPHI-BOS,Sports,3396,56.583333333333336,4.504416961130742,0.1045440168242966,1272.4090106007068,4321101,0.009520491475458965,0.6090648681812094,0.05230360307147077,-14.324718547127915,1.0,4.978566277947977,0.48881395116862775,1,74.94110718492344,17.285041224970556,4.034157832744405,3.239104829210836,0.5005889281507656,10.0,1.0,1.0,1.0,0.0,0.0,0.0,96.0,0.0,0.0,0.0,0.008944271909998408
KXNCAAFGAME-25NOV07TULNMEM-MEM,Sports,10949,182.46666666666667,7.445246141200109,0.12167694610244893,753.3715407799799,8248665,0.004434808180947212,1.0260135658602219,0.023969284212450863,-28.6141008936829,1.0,5.9585126111142905,0.30692700053775773,1,87.23171065850762,8.557859165220568,3.1509726915700065,0.5662617590647547,0.49319572563704445,26.0,2.0,1.0,1.0,0.0,0.0,0.0,0.0,0.0,0.0,0.0,0.0
KXNBAGAME-25NOV05SASLAL-LAL,Sports,3361,56.0,9.296340374888427,0.18996518503616688,2815.9172865218684,9464298,0.009033187886679441,0.29358559081547664,0.08218442256042971,-33.24134643789078,1.0,4.102040649758906,0.5358924154142715,1,69.8899137161559,22.017256768818804,4.700981850639691,2.409997024695031,0.9818506396905683,22.0,7.0,1.0,1.0,0.0,0.0,0.0,243.5,0.0,0.0,0.0,0.0
KXNBAGAME-25OCT30GSWMIL-GSW,Sports,3450,57.483333333333334,11.282898550724637,0.2221972815898981,1510.4823188405796,5211164,0.010705315708984975,0.7207249436813218,0.1252906976744186,-36.79012157786656,1.0,5.134663668361734,0.5518527196726398,1,69.71014492753623,21.420289855072465,4.3478260869565215,2.753623188405797,1.7681159420289854,27.0,13.0,2.0,1.0,0.0,0.0,0.0,184.0,0.0,0.0,0.0,0.0
KXMLBGAME-25OCT07SEADET-DET,Sports,7124,118.71666666666667,12.65623245367771,0.27066323835183076,882.5641493542953,6287387,0.006337745997855412,1.0903618155864083,0.024247961765532754,-28.630400307337723,1.0,5.6414855007980025,0.37973166121153684,1,82.6923076923077,12.436833239752948,2.7793374508702975,1.193149915777653,0.8983717012914094,6.0,35.0,2.0,1.0,0.0,0.0,0.0,127.5,0.0,0.0,0.0,0.0
KXNBAGAME-25NOV08PHXLAC-PHX,Sports,3540,58.983333333333334,11.555367231638417,0.26889750195366724,1429.277966101695,5059644,0.009224901434494268,2.0444050079998077,0.11691218130311616,-45.75697375537885,1.0,16.806273948395756,0.44524523656625054,1,78.10734463276836,15.282485875706215,4.039548022598869,2.062146892655367,0.5084745762711864,39.0,4.0,1.0,1.0,0.0,0.0,0.0,59.5,0.0,0.0,0.0,0.0
KXNCAAFGAME-25NOV01OKLATENN-OKLA,Sports,22043,367.3666666666667,16.87987116091276,0.32921610866458256,286.77004037562943,6321272,0.0022506897139348454,1.1500563496510972,0.028316615985113237,-58.46231571286028,1.0,6.755068357596806,0.17753073846416853,1,93.9209726443769,3.651953000952683,1.714830104795173,0.6895613119811278,0.022682937894116045,53.0,8.0,2.0,1.0,0.0,0.0,0.0,0.0,0.0,0.0,0.0,0.0
KXNBAGAME-25NOV02MIALAL-MIA,Sports,3416,56.916666666666664,9.708138173302109,0.21530098731610325,1211.780737704918,4139443,0.01110531488619311,0.6302556800396346,0.16227246036406343,-40.210204830647704,1.0,3.7745979564653562,0.3950831819198001,1,81.9672131147541,12.382903981264636,3.249414519906323,1.8149882903981265,0.5854800936768151,26.0,4.0,1.0,1.0,0.0,0.0,0.0,18.0,0.0,0.0,0.0,0.0
KXNFLGAME-25OCT02SFLA-SF,Sports,8660,144.31666666666666,1.5695150115473442,0.04725590862050647,3798.2341801385683,32892708,0.00818043258252412,1.860363415725934,0.014057803468208091,-2.136164105878772,1.0,6.3276154107060885,0.5319344941117575,1,64.69976905311779,28.764434180138572,4.965357967667437,1.535796766743649,0.03464203233256351,1.0,1.0,1.0,1.0,0.0,0.0,10.0,542.0,0.0,0.0,0.0,0.0
KXNCAAFGAME-25NOV08AUBVAN-VAN,Sports,12112,201.85,7.634990092470278,0.1238332626819377,642.3300033025099,7779901,0.0016904237602406562,0.2470858145744658,0.022616096512973066,-30.054702724487306,1.0,6.234267283071288,0.270793712922081,1,89.01915455746368,7.009577278731836,3.4098414795244385,0.5118890356671071,0.04953764861294584,24.0,2.0,2.0,1.0,0.0,0.0,0.0,0.0,0.0,0.0,0.0,0.0
KXNBAGAME-25OCT29LALMIN-MIN,Sports,3361,56.0,10.435882177923236,0.19893573940693973,1368.7414459982149,4600340,0.011587230674790203,0.8893646630522413,0.14231572664876158,-36.31113158759675,1.0,5.1981418004599576,0.42294727693370354,1,81.22582564712883,11.514430229098483,3.4811068134483785,2.737280571258554,1.0413567390657543,27.0,10.0,1.0,1.0,0.0,0.0,0.0,10.0,0.0,0.0,0.0,0.0
KXMLBGAME-25OCT01BOSNYY-NYY,Sports,3180,52.983333333333334,2.0066037735849056,0.033492473016762364,2087.7814465408806,6639145,0.007025148790414727,0.21212300169387527,0.03905362776025237,-2.4513289401102223,1.0,4.014913354883466,0.5040718964870479,1,69.68553459119497,23.77358490566038,4.779874213836479,1.729559748427673,0.031446540880503145,5.0,1.0,2.0,1.0,0.0,0.0,0.0,425.0,0.0,0.0,0.0,0.0
KXATPMATCH-25NOV07NORSON-NOR,Sports,1347,22.433333333333334,4.198960653303637,0.0724563459438266,722.5931700074239,973333,0.010184056870793653,0.43374849291039713,0.025205684367988035,-16.657299769352278,1.0,3.7972088635836534,0.5346780435727989,1,67.70601336302894,24.4988864142539,5.1967334818114335,2.5241276911655532,0.07423904974016332,1.0,1.0,1.0,1.0,0.0,0.0,0.0,381.5,0.0,0.0,0.0,0.009316949906249154
KXMLBGAME-25OCT31LADTOR-LAD,Sports,4297,71.6,3.2657668140563185,0.056129920977420096,2306.005818012567,9908907,0.0046132118858182485,0.1588741128327782,0.030720783764870536,-10.503999403091981,1.0,3.834774920325686,0.6039592908052889,1,53.199906911798934,38.09634628810799,6.120549220386316,2.5133814289038865,0.06981615080288574,11.0,1.0,1.0,1.0,0.0,1.0,50.0,1389.5,0.0,0.0,0.0,0.0
KXNCAAFGAME-25NOV01UGAFLA-FLA,Sports,21783,363.03333333333336,14.039067162466143,0.3998413927596478,282.0877748703117,6144718,0.0029791475831293063,0.873670022924076,0.01820144215312543,-53.11052431851688,1.0,6.44813646779678,0.1659404433941072,1,94.57375017215259,2.9105265574071524,1.6480741862920627,0.7941973098287656,0.0734517743194234,40.0,4.0,1.0,1.0,0.0,0.0,0.0,0.0,0.0,0.0,0.0,0.0
KXNBAGAME-25OCT28LACGSW-GSW,Sports,3436,57.25,7.706053550640279,0.15354816060266877,2412.682770663562,8289978,0.006027979568204726,0.2709817662622825,0.16830122591943958,-21.572000990386393,1.0,4.546333082880709,0.5579417856719071,1,65.83236321303842,26.222351571594878,4.772991850989523,2.4447031431897557,0.7275902211874272,11.0,11.0,1.0,1.0,0.0,0.0,0.0,532.5,0.0,0.0,0.0,0.0
KXNBAGAME-25NOV10ATLLAC-LAC,Sports,3541,59.0,9.809658288619033,0.16817602726697306,1679.8785653770121,5948450,0.00817252122504741,1.582736729704456,0.08793542905692438,-37.33540739431952,1.0,6.279749585922554,0.34450154619921247,1,85.03247670149675,10.279582038972041,2.85230160971477,1.5532335498446765,0.2824060999717594,21.0,6.0,1.0,1.0,0.0,0.0,0.0,3.0,0.0,0.0,0.0,0.0
KXNCAAFGAME-25NOV08OREIOWA-ORE,Sports,12053,200.86666666666667,5.649464863519456,0.0878237600956535,523.3489587654526,6307925,0.00122518920159653,0.2856613529462943,0.016133853690940798,-20.590462804544433,1.0,5.660132972956257,0.31140563709619296,1,86.77507674437899,8.40454658591222,4.0404878453497055,0.7052186177715092,0.07467020658757156,18.0,2.0,1.0,1.0,0.0,0.0,0.0,0.0,0.0,0.0,0.0,0.0
KXNFLGAME-25NOV03ARIDAL-DAL,Sports,20792,346.51666666666665,7.532945363601385,0.14001182010231128,1322.0255867641401,27487556,0.0018684051912828755,0.6335525936249404,0.016312193244153596,-30.826588756016445,1.0,7.92224946446334,0.3572990463622927,1,83.02712581762216,12.586571758368603,3.693728357060408,0.5530973451327433,0.13947672181608312,4.0,4.0,1.0,1.0,0.0,0.0,0.0,10.0,0.0,0.0,0.0,0.0
KXATPMATCH-25NOV11ALCFRI-FRI,Sports,1426,23.75,2.1157082748948106,0.08817319838819856,1284.0792426367461,1831097,0.027219824219703443,0.7255266286559638,0.05932203389830507,-1.8436396445627388,1.0,3.717779899350834,0.6489804112978725,1,62.762973352033654,24.1234221598878,5.259467040673211,4.067321178120617,3.7868162692847123,1.0,1.0,1.0,1.0,0.0,0.0,29.5,1906.0,0.0,0.0,0.0,0.03825830931882143
KXNBAGAME-25OCT28LACGSW-LAC,Sports,3436,57.25,8.435389988358557,0.19272644457628046,1421.7657159487776,4885187,0.00964548798454333,0.6123724356957945,0.12422650321074138,-23.59484626486466,1.0,4.578379446524399,0.4226340972816191,1,80.67520372526194,12.543655413271246,3.259604190919674,2.852153667054715,0.6693830034924331,14.0,11.0,1.0,1.0,0.0,0.0,0.0,50.0,0.0,0.0,0.0,0.00798595706249931
KXNFLGAME-25OCT05NEBUF-BUF,Sports,12975,216.23333333333332,2.7558381502890175,0.041014700385288164,2124.9919075144508,27571770,0.0016064370360735906,0.40105346459586777,0.012780563054377168,-6.935583059521205,1.0,6.319591686558732,0.4180424895253846,1,78.51252408477842,15.583815028901734,5.040462427745665,0.8246628131021194,0.03853564547206166,4.0,1.0,1.0,1.0,0.0,0.0,0.0,0.0,0.0,0.0,0.0,0.0
KXATPMATCH-25NOV10MUSFRI-FRI,Sports,1255,20.9,1.2573705179282868,0.018527257130608696,845.4557768924303,1061047,0.003465239973110815,0.12695377477369546,0.02891566265060241,0.338132819042308,1.0,4.030717075314193,0.6830679694190608,1,56.573705179282875,34.50199203187251,7.330677290836653,1.593625498007968,,1.0,1.0,1.0,1.0,0.0,0.0,46.5,100.0,0.0,0.0,0.0,0.005676160788371877
KXNBAGAME-25OCT31DENPOR-POR,Sports,3463,57.7,3.144961016459717,0.09354485616638182,1196.3678891134855,4143022,0.011581598133650882,1.795253204605439,0.02528236316246742,-9.324516715472464,1.0,5.985202720787461,0.4022884536442774,1,81.57666762922322,12.157089228992204,3.8694773317932425,2.0502454519203,0.34652035807103665,7.5,1.0,1.0,1.0,0.0,0.0,0.0,8.0,0.0,0.0,0.0,0.0
KXMLBGAME-25OCT04LADPHI-LAD,Sports,3526,58.75,1.3006239364719228,0.028663639751104857,1741.3650028360748,6140053,0.007325050652120175,0.6861798282797705,0.024488054607508532,-0.05282866907436675,1.0,4.816049269291636,0.601868546345765,1,49.71639251276233,42.0022688598979,6.5229722064662505,1.474758933635848,0.28360748723766305,1.0,1.0,1.0,1.0,0.0,10.0,9.0,399.0,0.0,0.0,0.0,0.0
KXATPMATCH-25NOV11MUSDE-MUS,Sports,1616,26.916666666666668,1.2487623762376239,0.04553213156022609,2109.012376237624,3408164,0.021496760263835502,0.6260880933500113,0.032254047322540474,0.1689367916383475,1.0,4.347237117565634,0.6111683023589608,1,63.49009900990099,25.495049504950494,6.621287128712872,2.599009900990099,1.7945544554455444,1.0,1.0,1.0,1.0,0.0,0.0,0.0,3678.0,0.0,0.0,0.0,0.023978675513389055
KXATPMATCH-25NOV11MUSDE-DE,Sports,1616,26.916666666666668,1.3669554455445545,0.022534187338021733,2314.8601485148515,3740814,0.00918356868217787,0.5951254614442298,0.0400373599003736,0.09884687448336596,1.0,4.5514367862901475,0.5863430914374466,1,61.20049504950495,29.57920792079208,5.9405940594059405,3.217821782178218,0.06188118811881188,1.0,1.0,1.0,1.0,0.0,0.0,0.0,2801.0,0.0,0.0,0.0,0.007881647943145392
KXNFLGAME-25OCT20TBDET-TB,Sports,17711,295.1666666666667,3.4725311953023543,0.09290442474729144,1746.758850431935,30936846,0.004121266420037446,0.6716066970746759,0.008536240890345178,-9.549895728757866,1.0,7.343533601176532,0.4903969452352286,1,70.92202585963526,23.121224098018182,4.680706905313083,0.8638699113545254,0.4121732256789566,4.0,2.0,1.0,1.0,0.0,0.0,0.0,130.0,0.0,0.0,0.0,0.0
KXMLBGAME-25OCT15TORSEA-SEA,Sports,6230,103.81666666666666,4.297752808988764,0.10744033257352635,1225.5539325842697,7635201,0.005137475458413026,0.681093891390085,0.04667202572347267,-11.753433268597144,1.0,5.377325659452772,0.49734594726611875,1,73.0497592295345,20.369181380417338,3.3547351524879616,1.7335473515248796,1.492776886035313,9.0,4.0,1.0,1.0,0.0,0.0,0.0,333.0,0.0,0.0,0.0,0.0
KXATPMATCH-25NOV09ALCDE-ALC,Sports,1128,18.783333333333335,1.3200354609929077,0.017144586217136916,870.6507092198582,982094,0.004057765172796847,0.13392041302024413,0.05241502683363149,0.9581393814899289,1.0,4.670676937434805,0.5776480025112499,1,62.85460992907801,27.74822695035461,6.73758865248227,2.5709219858156027,0.08865248226950355,1.0,1.0,1.0,1.0,0.0,0.0,18.5,73.0,0.0,0.0,0.0,0.005323971374999477
KXMLBGAME-25OCT15TORSEA-TOR,Sports,6230,103.81666666666666,5.254253611556982,0.10730524380749287,1163.4780096308186,7248468,0.0032288602216524217,0.20888587616267296,0.04281350482315112,-13.479874587606597,1.0,5.58806863819121,0.40440794763177573,1,78.79614767255217,16.998394863563405,2.648475120385233,1.5409309791332264,0.016051364365971106,10.0,9.0,1.0,1.0,0.0,0.0,0.0,217.0,0.0,0.0,0.0,0.0
KXNBAGAME-25OCT30GSWMIL-MIL,Sports,3450,57.483333333333334,5.299710144927536,0.12306982069806924,1208.2675362318842,4168523,0.012401126500256775,0.23996827075607502,0.1113372093023256,-12.421848235546078,1.0,3.430663031774495,0.5242372838642383,1,72.31884057971014,19.333333333333332,4.0,3.0434782608695654,1.3043478260869565,8.0,6.0,1.0,1.0,0.0,0.0,0.0,204.0,0.0,0.0,0.0,0.0
KXNFLGAME-25OCT26GBPIT-PIT,Sports,17788,296.45,3.436923768832921,0.07895110953743777,948.7077243085226,16875613,0.0019194521617736026,0.5477225575051662,0.005461806727415907,-10.271297226591647,1.0,7.472625499887352,0.3597390899934555,1,82.93793568698,12.525297953676636,3.834045423881268,0.5453114459185968,0.15740948954351247,4.0,2.0,1.0,1.0,0.0,0.0,0.0,0.0,0.0,0.0,0.0,0.0
KXNBAGAME-25NOV04OKCLAC-OKC,Sports,3386,56.416666666666664,9.932663910218547,0.15741560404372895,1674.2926757235675,5669155,0.007102536997457228,0.298142396999972,0.1341824644549763,-39.288386452421925,1.0,4.840166696575317,0.5218049700131728,1,70.55522740696988,21.707028942705257,4.223272297696397,3.1896042528056703,0.32486709982279977,25.0,5.0,1.0,1.0,0.0,0.0,0.0,201.0,0.0,0.0,0.0,0.0058079687727274594
KXMLBGAME-25OCT01BOSNYY-BOS,Sports,3180,52.983333333333334,2.756918238993711,0.07127099435740683,2262.519182389937,7194811,0.012769554489462522,0.48531262570759665,0.03403785488958991,-5.047599247892886,1.0,4.1374511298435435,0.5364465785351696,1,65.9119496855346,27.452830188679243,4.371069182389937,1.8238993710691824,0.44025157232704404,5.0,4.0,1.0,1.0,0.0,0.0,0.0,397.0,0.0,0.0,0.0,0.0
KXNBAGAME-25OCT31DENPOR-DEN,Sports,3463,57.7,6.291943401674849,0.10962048230232746,1264.1911637308692,4377894,0.004041550799729368,0.6377357067433508,0.054532290761656534,-24.67622987717728,1.0,6.193324336738401,0.5002027987949992,1,71.52757724516316,21.397632110886512,5.3421888535951485,1.3860814322841466,0.34652035807103665,25.0,1.0,1.0,1.0,0.0,0.0,0.0,120.0,0.0,0.0,0.0,0.0
KXMLBGAME-25OCT07TORNYY-NYY,Sports,7224,120.38333333333334,14.605343300110741,0.2782469817954534,1223.7148394241417,8840116,0.0044952843172062565,0.5477225575051661,0.02547823676185195,-40.76908034349187,1.0,5.852393666303467,0.37434408596364943,1,82.4889258028793,12.832225913621262,3.1561461794019934,1.2320044296788484,0.29069767441860467,32.0,31.0,2.0,1.0,0.0,0.0,0.0,50.0,0.0,0.0,0.0,0.0
KXNBAGAME-25NOV04OKCLAC-LAC,Sports,3386,56.416666666666664,10.92764323685765,0.2665390418971037,1717.8044890726521,5816486,0.0121182509520822,0.7870959280799259,0.12588862559241706,-43.44056990776896,1.0,5.269544166361355,0.48401691408027,1,74.66036621382162,18.45835794447726,3.691671588895452,2.45126993502658,0.7383343177790904,27.0,7.0,1.0,1.0,0.0,0.0,0.0,206.0,0.0,0.0,0.0,0.0
KXNBAGAME-25OCT29LALMIN-LAL,Sports,3361,56.0,7.546265992264207,0.18552691076476333,1793.0389764950908,6026404,0.011145461269931945,0.9018953914982801,0.11894956729334527,-25.5832916359946,1.0,4.084650199001113,0.5377037732249821,1,69.62213626896757,22.225528116631953,4.552216602201726,2.8265397203213327,0.7735792918774174,19.0,7.0,1.0,1.0,0.0,0.0,0.0,166.5,0.0,0.0,0.0,0.0
KXNBAGAME-25NOV05SASLAL-SAS,Sports,3361,56.0,8.356144004760488,0.17030811106433477,1988.4763463254983,6683269,0.014346799184564045,3.31225164054741,0.11957624589674726,-29.626366830500054,1.0,11.046437885017212,0.5191047157551038,1,70.99077655459685,21.689973222255283,3.748884260636715,2.79678667063374,0.7735792918774174,20.0,8.0,1.0,1.0,0.0,0.0,0.0,250.0,0.0,0.0,0.0,0.0
KXMLBGAME-25OCT24LADTOR-LAD,Sports,5660,94.31666666666666,1.3123674911660776,0.04025710016496619,1950.2049469964663,11038160,0.005320862885075248,0.6123724356957945,0.028991150442477878,-1.0113714629200212,1.0,7.338946113500049,0.6285339830199235,1,50.12367491166078,40.19434628975265,7.137809187279152,1.5017667844522968,1.0424028268551238,1.0,1.0,1.0,1.0,1.0,0.0,6.0,1074.5,0.0,0.0,0.0,0.0
KXNFLGAME-25NOV09PITLAC-PIT,Sports,13783,229.7,1.7882173692229557,0.05055652498271119,1271.2517594137705,17521663,0.0020281604429286154,0.31516111849694417,0.004828287228635737,-3.564110599290206,1.0,6.500777065988264,0.3625876141096556,1,83.10962780236524,11.833417978669376,4.258869621998113,0.6167017340201698,0.18138286294710876,3.0,1.0,1.0,1.0,0.0,0.0,0.0,0.0,0.0,0.0,0.0,0.0
KXMLBGAME-25OCT14LADMIL-LAD,Sports,3670,61.15,7.891553133514987,0.146564036443289,1677.0735694822888,6154860,0.004788953882231748,0.16032185499055093,0.05163934426229509,-19.56965508436772,1.0,4.438315111411827,0.5412890212152405,1,68.06539509536785,24.577656675749317,4.168937329700272,1.5803814713896458,1.6076294277929157,11.0,9.0,2.0,1.0,0.0,0.0,0.0,1403.0,0.0,0.0,0.0,0.0
KXNBAGAME-25OCT29CLEBOS-CLE,Sports,3387,56.43333333333333,9.219072925893121,0.16889472241928496,1407.6486566282847,4767706,0.011221039032370239,0.46370724798549723,0.133076695291679,-31.378853934534806,1.0,4.855568484945373,0.5722407327151682,1,66.63714201358134,24.505462060820786,4.48774726896959,2.509595512252731,1.8600531443755535,22.0,6.0,1.0,1.0,0.0,0.0,0.0,350.0,0.0,0.0,0.0,0.0
KXMLBGAME-25SEP30BOSNYY-NYY,Sports,2541,42.333333333333336,3.4545454545454546,0.09299479097451706,2521.621802439984,6407441,0.00794878735933579,0.4949911632729284,0.023627024891347288,-12.789044872586821,1.0,5.3371790895290845,0.5415097153201697,1,63.79378197560016,28.57142857142857,6.8476977567886665,0.5116096025186935,0.27548209366391185,1.0,1.0,1.0,1.0,0.0,0.0,0.0,1679.0,0.0,0.0,0.0,0.0
KXNFLGAME-25OCT12DETKC-DET,Sports,14316,238.58333333333334,3.1953758032970105,0.06294378892070379,1601.1902067616652,22922639,0.0030907117849254496,0.6123724356957945,0.011645463441912486,-10.889737146228013,1.0,5.927855237413919,0.5257423980995668,1,66.88320759988824,26.215423302598488,5.371612182173791,1.3690975132718637,0.16065940206761664,3.0,1.0,1.0,1.0,0.0,0.0,0.0,48.5,0.0,0.0,0.0,0.0
KXNFLGAME-25OCT19ATLSF-SF,Sports,16326,272.0833333333333,3.1327330638245745,0.057505121435186504,989.6217077055004,16156564,0.000958813357476678,0.15414269978154896,0.004639617553321892,-8.853999009178526,1.0,5.452031205523354,0.2878132464912228,1,87.90885703785372,8.213891951488424,3.264731103760872,0.5635183143452162,0.049001592551757935,3.0,3.0,1.0,1.0,0.0,0.0,0.0,0.0,0.0,0.0,0.0,0.0
KXNFLGAME-25OCT05NEBUF-NE,Sports,12975,216.23333333333332,1.8486319845857417,0.09345378177823317,1864.629055876686,24193562,0.005647694508719819,1.0222025039999039,0.008384111068260702,-3.719856168435474,1.0,4.993219438625315,0.38965741395460674,1,81.54142581888246,12.778420038535646,4.262042389210019,1.3410404624277457,0.07707129094412332,4.0,1.0,1.0,1.0,0.0,0.0,0.0,0.0,0.0,0.0,0.0,0.0
KXNBAGAME-25NOV02SASPHX-SAS,Sports,3505,58.4,5.259343794579173,0.09392763343392337,1282.4356633380885,4494937,0.007752128590691939,0.6302556800396345,0.16380543633762518,-15.028990448816943,1.0,6.308208051579362,0.487985033531818,1,75.20684736091297,17.089871611982883,4.56490727532097,2.1398002853067046,0.9985734664764622,9.0,6.0,1.0,1.0,0.0,0.0,0.0,107.0,0.0,0.0,0.0,0.0
KXATPMATCH-25NOV10SINAUG-SIN,Sports,1451,24.166666666666668,1.2033080634045485,0.013780462415202603,871.4527911784976,1264478,0.001564671925581374,0.020952408044862002,0.01603053435114504,-0.14518912576677848,1.0,3.31400201088197,0.6167497398171459,1,68.22880771881461,23.569951757408685,5.926946933149552,2.2742935906271535,,1.0,1.0,1.0,1.0,0.0,0.0,0.0,503.0,0.0,0.0,0.0,0.0
KXMLBGAME-25OCT29TORLAD-LAD,Sports,4956,82.58333333333333,10.788337368845843,0.21132413035903974,1549.0104923325262,7676896,0.008410322930858836,1.0613146983288646,0.03552365547917509,-38.51892889015,1.0,6.08111855433344,0.5128130020800755,1,71.5092816787732,21.408393866020987,4.156577885391444,1.6545601291364003,1.2711864406779663,38.0,10.0,2.0,1.0,0.0,0.0,0.0,385.5,0.0,0.0,0.0,0.0
KXNFLGAME-25OCT12CINGB-CIN,Sports,14086,234.75,2.8901746414880023,0.1542117858178746,1168.469828198211,16459066,0.008846367679906774,1.8944362984510428,0.009498437055981815,-9.796190134689802,1.0,5.304428972229093,0.5888384575672302,1,64.64574755075962,25.65668039187846,5.530313786738605,1.1074826068436745,3.0597756637796394,2.0,1.0,1.0,1.0,0.0,0.0,10.0,200.0,0.0,0.0,0.0,0.0
KXNFLGAME-25OCT13BUFATL-BUF,Sports,15711,261.8333333333333,2.903698045955063,0.043467563617380384,1686.8619438609892,26502288,0.0029106306471653126,0.7582875444051551,0.008489905101585886,-8.417864359696585,1.0,6.652495732378257,0.461797445071233,1,74.64197059385144,19.260390808987335,4.805550251416205,1.0884093946916173,0.20367895105340206,3.0,1.0,1.0,1.0,0.0,0.0,0.0,72.0,0.0,0.0,0.0,0.0
KXNFLGAME-25OCT16PITCIN-CIN,Sports,12014,200.21666666666667,3.731063758947894,0.09141605829628716,1754.73847178292,21081428,0.004463300647201284,0.6388765649999398,0.010429856714428523,-12.20974418733698,1.0,5.861701321824668,0.38510693025486814,1,80.93890461128683,14.582986515731648,3.1130347927418014,1.340103212918262,0.024970867321458298,3.0,1.0,1.0,1.0,0.0,0.0,0.0,46.0,0.0,0.0,0.0,0.0
KXATPMATCH-25NOV07KORMUS-MUS,Sports,1726,28.75,4.148899188876014,0.07127587625796682,575.391077636153,993125,0.007351973039409303,0.49661771142655947,0.026864801864801863,-16.622188927677836,1.0,4.1211900427924215,0.39445388627041517,1,81.63383545770567,11.761297798377752,5.214368482039398,1.2746234067207416,0.11587485515643105,1.0,1.0,1.0,1.0,0.0,0.0,0.0,2.0,0.0,0.0,0.0,0.0
KXNCAAFGAME-25NOV01UGAFLA-UGA,Sports,21783,363.03333333333336,16.471698113207548,0.2701076552030668,483.3079006564752,10527896,0.00138070235587815,1.0912011730198974,0.02816332154503284,-61.97231404396428,1.0,7.2037732327394055,0.2572201134555155,1,89.77184042602029,6.739200293807097,2.804939631822981,0.6610659688748106,0.022953679474819813,64.0,4.0,1.0,1.0,0.0,0.0,0.0,0.0,0.0,0.0,0.0,0.0
KXNBAGAME-25OCT29MEMPHX-MEM,Sports,3381,56.333333333333336,14.720496894409937,0.26813564882594393,1430.4640638864241,4836399,0.008553062305394923,1.4392758440754974,0.09513497478493028,-53.96234147375542,1.0,7.1949163912871015,0.41010036219779866,1,79.62141378290447,14.995563442768411,3.874593315587104,1.3605442176870748,0.14788524105294293,39.0,8.0,1.0,1.0,0.0,0.0,0.0,35.0,0.0,0.0,0.0,0.0
KXMLBGAME-25OCT28TORLAD-TOR,Sports,11398,189.95,16.787945253553254,0.4239212093078191,593.7259168275136,6767288,0.004383464752270739,0.53239713749995,0.0700035124692659,-48.93967566195903,1.0,3.991035662971672,0.25852226738552464,1,89.27004737673276,8.361115985260573,1.3862081066853833,0.9124407790840499,0.07018775223723461,47.0,14.0,9.0,2.0,0.0,0.0,0.0,0.0,0.0,0.0,0.0,0.0
KXNCAAFGAME-25NOV01VANTEX-VAN,Sports,21565,359.4,15.567539995362857,0.3159755508951713,358.54875956410854,7732104,0.004037122813698685,1.101766258735894,0.025975411737415917,-55.323869297403974,1.0,6.856444396288871,0.35938672493612184,1,83.7329005332715,11.704150243450034,3.0790632970090424,1.0433572919081846,0.4405286343612335,52.0,5.0,1.0,1.0,0.0,0.0,0.0,1.0,0.0,0.0,0.0,0.0
KXMLBGAME-25OCT27TORLAD-LAD,Sports,10183,169.7,9.973681626239811,0.17816297110194376,1510.3303545124227,15379694,0.004303600556568427,0.266585356620585,0.041698613978177534,-32.053607744960104,1.0,4.355246550559239,0.3886216318647797,1,79.46577629382304,16.949818324658743,2.484533045271531,1.0900520475301974,0.009820288716488264,21.0,9.0,4.0,1.0,0.0,0.0,0.0,172.0,0.0,0.0,0.0,0.0
KXMLBGAME-25OCT09PHILAD-LAD,Sports,717,11.933333333333334,1.6736401673640167,0.03238339368123224,9698.31380753138,6953691,0.017622214973149027,0.20765165936154717,0.08995756718528997,-0.1421894849710368,1.0,3.5143674671264553,0.48395957504755593,3,11.85495118549512,77.12691771269176,7.391910739191074,3.2078103207810322,0.41841004184100417,1.0,1.0,1.0,2.0,130.0,1740.0,6626.5,16549.5,0.0,0.0,0.00798595706249923,0.04302261157980884
KXNBAGAME-25NOV05GSWSAC-GSW,Sports,3332,55.516666666666666,10.509903961584634,0.2062813205633959,1375.0189075630253,4581563,0.008859717711788595,0.5758327303421832,0.08037326911499097,-39.861040906011254,1.0,5.167152721485757,0.5335938590200265,1,68.84753901560624,23.649459783913564,4.621848739495799,2.1308523409363747,0.7503001200480192,31.0,5.0,2.0,1.0,0.0,0.0,0.0,363.5,0.0,0.0,0.0,0.0
KXMLBGAME-25OCT07TORNYY-TOR,Sports,7224,120.38333333333334,15.478682170542635,0.303211628690539,1553.7574750830565,11224344,0.005929149209827472,0.6111919138499425,0.029317992791793736,-44.00070330731489,1.0,5.383688556518145,0.4127438989003478,1,79.59579180509412,15.545404208194904,2.8654485049833887,1.1904761904761905,0.8028792912513842,27.0,34.0,2.0,1.0,0.0,0.0,0.0,179.0,0.0,0.0,0.0,0.0
KXNFLGAME-25SEP28GBDAL-GB,Sports,16396,273.25,7.73212978775311,0.14518024644546737,1919.480970968529,31471810,0.002285246186004303,0.5369461926245083,0.010539484926156476,-35.897039817841176,1.0,5.927442577598613,0.3893372372574144,1,80.83069041229568,14.076604049768235,4.080263478897292,0.9758477677482313,0.036594291290558675,2.0,2.0,1.0,1.0,0.0,0.0,0.0,0.0,0.0,0.0,0.0,0.0
KXATPMATCH-25OCT28ALCNOR-NOR,Sports,1891,31.5,4.912215758857747,0.2508232055648615,560.0941300898995,1059138,0.024777186464250162,0.6074561226616387,0.024455077086656035,-19.456583594482908,1.0,3.744806999466371,0.3960630734843437,1,83.7123215230037,4.1248016922263355,2.9085140137493393,1.110523532522475,8.143839238498149,1.0,1.0,2.0,1.0,0.0,0.0,0.0,94.5,0.0,0.0,0.0,0.0
KXNFLGAME-25OCT13CHIWAS-CHI,Sports,15767,262.76666666666665,2.96479989852223,0.06961781591838308,1083.179361958521,17078489,0.0035325930310812007,1.0118742595337316,0.007380846607856826,-9.670008617694652,1.0,6.650189014625252,0.4045142489025381,1,80.00887930487728,14.22591488552039,4.629923257436418,1.0845436671529143,0.05073888501300183,3.0,1.0,1.0,1.0,0.0,0.0,0.0,14.0,0.0,0.0,0.0,0.0
KXNFLGAME-25NOV10PHIGB-PHI,Sports,15218,253.61666666666667,1.5691286634248915,0.03478140890111639,1601.6816927322907,24374392,0.001984901406320322,0.1597653564057637,0.007903734876380852,-2.665121788583999,1.0,4.731517836099803,0.605564484443929,1,66.46734130634775,26.600078853988695,5.8089105007228286,1.1236693389407282,,2.0,1.0,1.0,1.0,0.0,0.0,0.0,125.0,0.0,0.0,0.0,0.0
KXATPMATCH-25OCT31MEDZVE-MED,Sports,1436,23.916666666666668,4.185236768802229,0.07238535980053712,883.191504178273,1268263,0.014357679489509136,0.7469285612972946,0.030855539971949515,-15.790644390297789,1.0,4.300193473294513,0.47356297960917654,1,73.74651810584957,20.055710306406684,4.3175487465181055,1.7409470752089138,0.1392757660167131,1.0,1.0,1.0,1.0,0.0,0.0,0.0,1289.0,0.0,0.0,0.0,0.012516438522347746
KXNCAAFGAME-25NOV07HOUUCF-HOU,Sports,10899,181.63333333333333,8.5532617671346,0.17714656174622795,901.6501513900358,9827085,0.003458626918275374,0.5515634344499482,0.032555790247038294,-32.294955769867066,1.0,5.648143130763246,0.36427975121798534,1,83.1268923754473,11.780897330030278,3.9453160840444075,1.1010184420589046,0.04587576841912102,20.0,2.0,1.0,1.0,0.0,0.0,0.0,5.5,0.0,0.0,0.0,0.0
KXMLBGAME-25OCT08MILCHC-MIL,Sports,8474,141.21666666666667,17.473802218550862,0.3438520636412235,1012.4524427661081,8579522,0.004434624817630287,0.47431744977268264,0.025697069943289224,-49.98265252798262,1.0,5.640875321870553,0.36309711552936336,1,83.39627094642435,12.237432145385887,2.7495869719140904,1.062072220911022,0.5546377153646448,34.0,10.0,5.0,1.0,0.0,0.0,0.0,30.0,0.0,0.0,0.0,0.0
KXMLBGAME-25OCT01CINLAD-LAD,Sports,3365,56.06666666666667,2.6172362555720654,0.03883315396418674,2927.8838038632985,9852329,0.005079147800472156,0.1636508852043855,0.04083457526080477,-4.500179842300307,1.0,3.675692128388703,0.5569035658819219,1,62.4962852897474,29.86627043090639,5.765230312035661,1.8127786032689452,0.05943536404160475,4.0,4.0,1.0,1.0,0.0,0.0,28.0,1275.5,0.0,0.0,0.0,0.0
KXMLBGAME-25OCT31LADTOR-TOR,Sports,4297,71.6,3.6681405631836164,0.09268416942174955,2007.2787991622063,8625277,0.010282068365167695,0.5402055043692813,0.02927455096804292,-11.718122732829643,1.0,4.783527991613368,0.6212032106533569,1,50.802885734233186,40.44682336513847,5.4456597626250876,2.490109378636258,0.8145217593670002,12.0,1.0,1.0,1.0,0.0,20.0,54.0,905.5,0.0,0.0,0.0,0.0
KXNCAAFGAME-25NOV08INDPSU-PSU,Sports,11849,197.46666666666667,4.393535319436239,0.20090259075779968,811.122879567896,9610995,0.0061146286874023195,0.7234538599857939,0.015178646845172733,-14.760314805180373,1.0,5.57242387550169,0.2800326265835538,1,89.38307030129124,5.983627310321546,3.0635496666385347,1.063380876023293,0.5063718457253776,9.0,1.0,1.0,1.0,0.0,0.0,0.0,0.0,0.0,0.0,0.0,0.0
KXNFLGAME-25OCT19NYGDEN-NYG,Sports,16105,268.4,2.6681154920832038,0.08769172687938848,1230.3086619062403,19814121,0.005041999518558396,2.0528750929960666,0.012202547374961167,-6.851174751808112,1.0,9.617664222223008,0.465435746412317,1,74.00807202732071,19.90065197143744,4.837007140639553,1.1487115802545793,0.1055572803477181,2.0,1.0,1.0,1.0,0.0,0.0,0.0,36.0,0.0,0.0,0.0,0.0
KXNBAGAME-25NOV03MIALAC-LAC,Sports,3471,57.833333333333336,5.977816191299337,0.09618181218045502,1190.6856813598386,4132870,0.005388433564193395,0.6277128309227367,0.05062120774342676,-21.4002843839742,1.0,5.0945545971836825,0.3289444866213759,1,86.22875252088735,8.556611927398444,3.226735811005474,1.930279458369346,0.05762028233938346,9.0,4.0,2.0,1.0,0.0,0.0,0.0,0.0,0.0,0.0,0.0,0.0
KXNFLGAME-25OCT16PITCIN-PIT,Sports,12015,200.23333333333332,3.6675821889305036,0.061720011871430974,1737.1304203079485,20871622,0.0035988351974426025,1.14624992426996,0.008937942523948356,-12.323211996987693,1.0,6.428028375996164,0.3988178291173768,1,79.93341656263004,15.422388680815647,3.4290470245526423,1.0237203495630463,0.1914273824386184,3.0,1.0,1.0,1.0,0.0,0.0,0.0,28.0,0.0,0.0,0.0,0.0
KXNBAGAME-25NOV05OKCPOR-OKC,Sports,3344,55.71666666666667,6.408492822966507,0.09869888444071218,2041.54754784689,6826935,0.006814384553723235,0.7506799638749295,0.08236352729454108,-18.499861608771162,1.0,7.283067142057172,0.5263098484520357,1,69.61722488038278,23.175837320574164,4.186602870813397,2.2129186602870816,0.8074162679425838,14.0,7.0,2.0,1.0,0.0,0.0,0.0,422.0,0.0,0.0,0.0,0.0
KXNBAGAME-25NOV04MILTOR-MIL,Sports,3357,55.93333333333333,11.164730414060173,0.26128386800142217,1422.3100983020554,4774695,0.008326410647554568,0.649786289653931,0.13904989542874216,-41.73327989499685,1.0,5.01725913093373,0.5572361481307189,1,66.57730116175156,25.618111408996125,4.259755734286565,1.9958296097706285,1.5490020851951147,35.0,4.0,2.0,1.0,0.0,0.0,0.0,976.0,0.0,0.0,0.0,0.0
KXMAYORNYCPARTY-25-D,Politics,478751,7979.166666666667,1.7005499727415714,0.01970476135846044,101.68090719392754,48679836,0.0005949267868707992,0.1265604049937449,0.0011216921049168548,-1.857636841465334,1.0,2.923668952986678,0.1460746325644677,1,95.36251621406535,2.4302821299589974,1.1392143306228082,1.067778448504546,0.00020887684829901137,2.0,2.0,1.0,1.0,0.0,0.0,0.0,0.0,0.0,0.0,0.0,0.0
KXGOVSHUTLENGTH-26JAN01-38D,Politics,14465,241.06666666666666,1.5670929830625648,0.02061552192858296,76.74815070860699,1110162,0.003085072999863678,0.1402978030932461,0.045001729505361465,-0.524617567569296,1.0,4.177392455002437,0.3207847779598292,1,87.23816107846525,6.173522295195299,3.816107846526098,2.7514690632561356,0.020739716557207053,1.0,1.0,1.0,1.0,0.0,0.0,0.0,0.0,0.0,0.0,0.0,0.0
KXMAYORNYCPARTY-25-R,Politics,480980,8016.316666666667,2.0525759906856833,0.5289196190071301,23.88314898748389,11487317,0.0023764375038850117,0.8944271909999159,0.0005073081481173462,-2.8761809789982764,1.0,9.073853246758954,0.03531123754638605,1,99.16503804732005,0.00020790885275895045,0.1738118009064826,0.4312029606220633,0.22973928229864027,4.0,2.0,1.0,1.0,0.0,0.0,0.0,0.0,0.0,0.0,0.0,0.0
KXGOVSHUTLENGTH-26JAN01-35D,Politics,87904,1465.05,2.592783036039316,0.2322968517062811,35.07346650891882,3083098,0.004462436695344803,0.3194382824999699,0.018840876510342004,-6.006229257301757,1.0,3.965183798527555,0.2981295786847426,1,88.16322351656353,6.865444120859119,2.9998634874408445,1.9236894794321078,0.0477793957044048,5.0,2.0,1.0,1.0,0.0,0.0,0.0,0.0,0.0,0.0,0.0,0.0
KXMAYORNYCPARTY-25-JWAL,Politics,195089,3251.4666666666667,1.0118766306660036,1.8430303786238769,9.067861335082963,1769040,0.0001178562140556341,0.5477225575051661,4.100902711209305e-05,-0.056294845220417444,1.0,51.403202967892476,0.0046630694120702995,1,99.92464977523079,,0.005638452193614196,0.06766142632337036,0.002050346252223344,1.0,1.0,1.0,1.0,0.0,0.0,0.0,0.0,0.0,0.0,0.0,0.0
KXGOVSHUTLENGTH-26JAN01-39D,Politics,15926,265.4166666666667,1.9995604671606177,0.02699467233198573,54.37598894888861,865992,0.004018839285833686,0.16669998388522583,0.052839909525006286,-1.0112025936872644,1.0,4.330383864042676,0.3295269964533262,1,86.88936330528695,6.253924400351626,4.049981162878312,2.6937084013562727,0.11302273012683663,1.0,1.0,2.0,1.0,0.0,0.0,0.0,0.0,0.0,0.0,0.0,0.0
KXDJTJOINTSESSION-25MAR04-A15,Politics,49758,829.2833333333333,2.540536195184694,0.029752557957472454,8.614293178986294,428630,0.0003250555188800396,0.04849304047589906,0.0058937042695183725,-4.456274075240107,1.0,4.277696856057288,0.060002187724051,1,98.45853933035895,0.4421399573937859,0.590859761244423,0.5064512239237912,0.0020097270790626633,3.0,2.0,1.0,1.0,0.0,0.0,0.0,0.0,0.0,0.0,0.0,0.0
KXGOVSHUTLENGTH-26JAN01-15D,Politics,21621,360.3333333333333,1.2748254012302853,0.01895366459285971,56.802969335368395,1228137,0.004444680845628182,0.1863389981249825,0.022631992966544816,-0.05437659870786208,1.0,3.7307696178376655,0.4398498678751678,1,79.52453633041951,11.928217936265668,4.722260764996994,3.764858239674391,0.0601267286434485,1.0,1.0,1.0,1.0,0.0,0.0,0.0,0.0,0.0,0.0057335076346152125,0.0,0.0
KXDJTJOINTSESSION-25MAR04-C,Politics,49758,829.2833333333333,1.8938462156839102,0.05090130238319896,20.358454921821618,1012996,0.0021812000804833954,1.0732461420893429,0.01497949666318244,-2.1490427172609663,1.0,5.085367709133278,0.15168771333360814,1,95.26709272880743,2.1242815225692353,1.408818682422927,1.117408255958841,0.0823988102415692,2.0,1.0,1.0,1.0,0.0,0.0,0.0,0.0,0.0,0.0,0.0,0.0
KXDJTJOINTSESSION-25MAR04-B,Politics,49758,829.2833333333333,2.1909039752401624,0.03855299043887653,22.242996101129467,1106767,0.001260361844125503,0.21517371184671844,0.012828656428399133,-1.993618581972632,1.0,3.6639087616927464,0.12811337135758114,1,96.14132400819969,1.29024478475823,1.4771494031110575,1.0792234414566502,0.012058362474375979,1.0,2.0,2.0,2.0,0.0,0.0,0.0,0.0,0.0,0.0,0.0,0.0
KXMAYORNYCPARTY-25-AC,Politics,194374,3239.55,1.0428040787348103,0.14071226354973712,274.8090228116929,53415729,0.005149939875388153,0.894427190999916,0.001934000123479657,-0.0738589395846201,1.0,3.5726048774963886,0.20440025446481855,1,93.37102698920637,2.7570559848539413,1.3041867739512487,1.8418101186372664,0.7259201333511683,1.0,1.0,1.0,1.0,0.0,0.0,0.0,0.0,0.0,0.0,0.0,0.0
GOVPARTYNJ-25-D,Politics,481466,8024.416666666667,1.7358754304561486,0.021548086821513872,12.380020603739412,5960559,0.00013307120196533388,0.08038428113170652,0.00130437672393739,-1.8676807816276415,1.0,5.9453208052867375,0.05250098682027478,1,98.89566449136595,0.396705063285881,0.3017866266776885,0.40584381867047725,,2.0,2.0,1.0,1.0,0.0,0.0,0.0,0.0,0.0,0.0,0.0,0.0
GOVPARTYNJ-25-R,Politics,481598,8026.616666666667,1.8449017645422117,0.11870045955233835,32.529518395009944,15666151,0.0008557099383828006,0.7582875444051552,0.0026080384062725816,-1.561444620653329,1.0,4.5196922319508115,0.06898024573373754,1,98.17046582419363,0.891407356342842,0.3297355886029427,0.586796456795917,0.021594774064676348,2.0,2.0,1.0,1.0,0.0,0.0,0.0,0.0,0.0,0.0,0.0,0.0
KXDJTJOINTSESSION-25MAR04-D,Politics,49758,829.2833333333333,2.684131194983721,0.20368644340910427,27.551871055910606,1370926,0.0063291724541183255,1.2538030789022732,0.010396397845139503,-5.880037594542182,1.0,4.243102687312203,0.11113612890070111,1,96.87487439205756,0.26126452027814623,1.2058362474375979,0.9465814542385145,0.7114433859881828,3.0,2.0,2.0,1.0,0.0,0.0,0.0,0.0,0.0,0.0,0.0,0.0
KXGOVSHUTLENGTH-26JAN01-25D,Politics,32765,546.0666666666667,1.4614375095376164,0.02637340209650525,39.843644132458415,1305477,0.004113995408533173,4.323064756499593,0.02741566173103343,-1.2375214696791372,1.0,13.806939102066869,0.31245343024075933,1,87.62704104990081,6.278040592095224,3.439645963680757,2.6369601709140853,0.01831222340912559,1.0,1.0,1.0,1.0,0.0,0.0,0.0,0.0,0.0,0.0,0.0,0.0
KXMAYORNYCPARTY-25-EADA,Politics,197419,3290.3,1.2289242676743373,0.8833385397403979,31.629559464894463,6244276,0.002695882578155579,0.8944271909999159,0.0015956719298512226,-1.1489520882118647,1.0,5.6579738599970675,0.07803935155813348,1,97.92826425014816,0.7390372760473916,0.649380252154048,0.6225337986718603,0.06078442297853803,1.0,1.0,1.0,1.0,0.0,0.0,0.0,0.0,0.0,0.0,0.0,0.0
KXDJTJOINTSESSION-25MAR04-AI,Politics,49758,829.2833333333333,2.255195144499377,0.030278848732849566,9.856605972908879,490445,0.0009077662672833609,1.2995725793078619,0.006938972421001849,-2.7018419981706927,1.0,9.976240755663918,0.07443391691119863,1,98.04855500623016,0.6310543028256762,0.6752682985650549,0.5747819446119217,0.07034044776719323,2.0,1.0,1.0,1.0,0.0,0.0,0.0,0.0,0.0,0.0,0.0,0.0
KXGOVSHUTLENGTH-26JAN01-30D,Politics,39972,666.1833333333333,1.442259581707195,0.03167327260591402,44.84424096867807,1792514,0.005361917684262543,2.7318384051851012,0.03201291226665332,-1.2278186755345242,1.0,9.54849251701052,0.3803736895383036,1,83.5209646752727,2.902031421995397,4.363054137896528,9.171419993995796,0.04252977083958771,2.0,1.0,1.0,1.0,0.0,0.0,0.0,0.0,0.0,0.006126213636968201,0.0,0.0
KXDJTJOINTSESSION-25MAR04-I,Politics,49765,829.4,1.585391339294685,0.01702994327043103,25.185692755952978,1253366,0.00027166763936599554,0.2547351976546926,0.0022027936890764745,-2.0179227903437513,1.0,5.93498091043604,0.06105048342710462,1,98.681804481061,0.43203054355470716,0.42801165477745406,0.4581533206068522,,1.0,1.0,1.0,1.0,0.0,0.0,0.0,0.0,0.0,0.0,0.0,0.0
KXGOVSHUTLENGTH-26JAN01-10D,Politics,51861,864.3333333333334,4.63103295347178,0.2124316156636574,26.596479049767648,1379320,0.0029574791878874576,0.6708203932499369,0.020867485680121887,-7.580606445283122,1.0,5.419399465001038,0.20837563760359468,1,92.60908968203468,1.2109292146314186,1.546441449258595,4.5544821735022465,0.07905748057307033,9.0,4.0,5.0,1.0,0.0,0.0,0.0,0.0,0.0,0.0,0.0,0.0
KXDJTJOINTSESSION-25MAR04-M3,Politics,49758,829.2833333333333,4.2902447847582295,0.13949242045249316,10.630170022910889,528936,0.0015340527665006745,7.1004170180753015,0.012884940098094396,-10.508556744533527,1.0,14.381724440099218,0.04158602208308633,1,99.0092045500221,0.27935206398971024,0.3517022388359661,0.34768278467784075,0.012058362474375979,8.0,2.0,2.0,2.0,0.0,0.0,0.0,0.0,0.0,0.0,0.0,0.0
KXDJTJOINTSESSION-25MAR04-M,Politics,31039,517.3,1.7178388479010278,0.020768220159131382,18.602951126002772,577417,0.00026467728321249604,0.06924052480632256,0.0035772986560959103,-1.699145454853409,1.0,4.24597687732128,0.06691559890138359,1,98.52765875189277,0.5444763040046393,0.5283675376139696,0.39949740648861115,,2.0,2.0,1.0,1.0,0.0,0.0,0.0,0.0,0.0,0.0,0.0,0.0
POPVOTEMOV-24-R-B-1.5,Politics,44567,742.7666666666667,1.0766935176251486,0.010941688921115439,65.29050642852334,2909802,5.674603397464525e-05,0.00922089887628776,0.0008079538568575084,-0.07453440675302907,1.0,8.979838423041352,0.03802370115281766,1,99.21017793434605,0.5048578544663092,0.22662508133820986,0.05833912984944017,,1.0,1.0,1.0,1.0,0.0,0.0,0.0,0.0,0.0,0.0,0.0,0.0
KXDJTJOINTSESSION-25MAR04-UKRAINE,Politics,832,13.85,2.8197115384615383,0.0371161486455281,445.0793269230769,370306,0.004379366003677192,0.028968840922433646,0.056326034063260345,-8.792657447594417,1.0,2.53473640378107,0.5962016410330471,1,72.35576923076923,4.326923076923077,4.6875,18.629807692307693,,2.0,1.0,1.0,1.0,0.0,0.0,0.0,154.0,0.0,0.0,0.004707511531578514,0.007178989522878994
KXGOVSHUTLENGTH-26JAN01-41D,Politics,15903,265.03333333333336,2.2100861472678113,0.03150241684195288,227.35125448028674,3615567,0.00774005488874011,3.7073865920557894,0.06585918328824011,-0.9321179387207829,1.0,7.620087485294115,0.3936585780457528,1,82.92146135949193,2.7604854429981764,3.697415581965667,10.15531660692951,0.4653210086147268,1.0,2.0,1.0,1.0,0.0,0.0,0.0,0.0,0.0,0.0,0.0,0.0
HOUSEMOV-24-R-B1-5,Politics,81748,1362.45,1.104455154866174,0.011397040751373095,8.064723295982777,659275,6.336314557510928e-05,0.015047038849348332,0.00035479214074237195,-0.0580739450691769,1.0,8.670446129097654,0.02794767027844418,1,99.45319763174633,0.28135244898957773,0.23119831677839214,0.034251602485687725,,1.0,1.0,1.0,1.0,0.0,0.0,0.0,0.0,0.0,0.0,0.0,0.0
KXGOVSHUTLENGTH-26JAN01-20D,Politics,25568,426.1166666666667,1.649014392991239,0.026164289265542224,35.525735294117645,908322,0.008240780756978955,18.54668816767891,0.03524923702950152,-1.8391477004650776,1.0,42.89179851335123,0.35112119792441443,1,85.56789737171464,2.890331664580726,4.286608260325407,7.184762202753442,0.07040050062578222,1.0,1.0,1.0,1.0,0.0,0.0,0.0,0.0,0.0,0.0,0.0,0.0
KXDJTJOINTSESSION-25MAR04-EM,Politics,49758,829.2833333333333,2.300896338277262,0.038994126502423634,15.787792917721774,785569,0.0017480032459539986,0.2583714188262443,0.017090134276754845,-4.285968775866452,1.0,4.495647756499265,0.1631747073404333,1,94.7787290485952,1.360585232525423,1.8971823626351543,1.9474255396117208,0.016077816632501307,3.0,2.0,1.0,1.0,0.0,0.0,0.0,0.0,0.0,0.0,0.0,0.0
PRES-2024-DJT,Politics,64634,1077.2166666666667,1.1508958133490113,0.011616433206659308,110.86369403100535,7165564,0.00010897312547085928,0.008500433631908836,0.0006189650903689032,-0.2603793933232266,1.0,6.44375402122423,0.19872932470977187,1,94.09598663242257,3.3001206795185194,0.3713215954451217,2.2325710926137945,,1.0,1.0,1.0,1.0,0.0,0.0,0.0,0.0,0.0,0.0,0.0,0.0
CLOSESTSTATE-24-WI,Politics,44538,742.2833333333333,1.4711931384435764,0.014869202100083903,4.374219767389645,194819,5.609853984680967e-06,0.004563404035713812,4.4915558749550845e-05,0.36658497124961126,1.0,28.43744787168842,0.01446228205119927,1,99.72832188243747,0.23575373838070862,0.024698010687502808,0.011226368494319457,,1.0,2.0,2.0,1.0,0.0,0.0,0.0,0.0,0.0,0.0,0.0,0.0
PRES-2024-KH,Politics,64613,1076.8666666666666,1.1485304814820547,1.8308493130897292,132.24648290591676,8544842,0.0023151294271481705,0.5477225575051661,0.0005262913486989768,-0.027657943137028677,1.0,11.448533504096407,0.04530412069110649,1,99.02186866420071,0.6964542739077275,0.15476761642393946,0.12690944546763033,1.0,1.0,1.0,1.0,0.0,0.0,0.0,0.0,0.0,0.0,0.0,0.0,
KXGOVSHUTLENGTH-26JAN01-40D,Politics,54432,907.1833333333333,1.5026271310993533,0.042182755083078255,123.30934009406232,6711974,0.008969026504467044,1.4028542333400145,0.04428723677924369,-0.07842239457138389,1.0,4.112395809437241,0.47677405652747884,1,76.576278659612,3.33259847148736,0.205761316872428,5.340608465608466,1.0,1.0,1.0,1.0,0.0,0.0,0.0,0.0,0.0,0.007985957062515252,0.0068802091615277955,0.004517309045439755,14.544753086419753
KXFEDDECISION-25JUN-C25,Economics,60716,1011.9166666666666,1.3492654325054352,0.24433885921164245,281.01337374003555,17062008,0.0182687637371354,1.0110500592068736,0.007758705893980825,-0.8493003176895859,1.0,3.4534429999398233,0.4631113983563953,1,80.42855260557349,4.478226497134199,7.816720469069109,1.8413597733711047,1.0,1.0,1.0,1.0,0.0,0.0,0.0,0.0,0.0,0.0,0.0,0.0,5.435140654852098
KXFEDDECISION-25JUN-H0,Economics,60716,1011.9166666666666,1.2700441399301667,0.015073672214781257,202.4530930891363,12292142,0.002094000946625895,0.13735069210455644,0.005193885283168056,-0.6599706633082187,1.0,2.8563967144035707,0.35098461939175163,1,85.09453850714803,2.8822715593912642,0.0016470123196521509,3.2808485407470847,1.0,1.0,1.0,1.0,0.0,0.0,0.0,0.0,0.0,0.0,0.0,0.0,8.740694380393965
KXCPI-25AUG-T0.3,Economics,81986,1366.4166666666667,5.2094138023565,0.1331957679916016,7.676725294562487,629384,0.0015800300105742089,3.689512162874653,0.005223480042939397,-11.708283216260085,1.0,14.637535318572246,0.05032982517122308,1,98.94006293757471,0.3598175298221648,,0.4939867782304296,9.0,9.0,1.0,1.0,0.0,0.0,0.0,0.0,,0.0,0.0,0.0,0.2061327543726978
KXCPI-25AUG-T0.2,Economics,81986,1366.4166666666667,5.363720635230405,0.08891899476296183,5.270765740492279,432129,0.00030631173129691677,0.06880209161537815,0.01763930906606812,-10.87903937376379,1.0,4.982691651930943,0.0439206350082454,1,99.08764911082379,0.2939526260581075,,0.48544873514990367,9.0,9.0,2.0,2.0,0.0,0.0,0.0,0.0,0.0,0.0,0.0,0.0,0.1329495279681897
KXFEDDECISION-25JUN-C26,Economics,60716,1011.9166666666666,1.1493675472692535,1.5375808419826864,98.94655445022728,6007639,0.0022877145875278603,0.5477225575051663,0.0006737390043817745,-0.8363703115319676,1.0,8.723888001589755,0.21439882568007856,1,93.31148296989261,3.542723499571777,3.0140325449634364,0.13176098557217208,1.0,1.0,1.0,1.0,0.0,0.0,0.0,0.0,0.0,0.0,0.0,0.0,
KXAAAGASM-25MAY31-3.25,Economics,30924,515.3833333333333,3.0492497736385977,0.4510606593990126,65.08203983960678,2012597,0.006008476696248674,1.118033988749895,0.035550236138966164,-3.978244629674432,1.0,4.730780473857097,0.10533678584272735,1,96.9990945543914,0.8504721252101928,0.18108912171775968,1.5133876600698486,4.0,2.0,2.0,1.0,0.0,0.0,0.0,0.0,0.0,0.0,0.0,0.0,0.4559565386107877
KXFEDDECISION-25JAN-C25,Economics,60734,1012.2166666666667,1.3864886225178648,0.5301257798563002,15.454111370896038,938590,0.003924815205919527,0.9428090415820634,0.006010802977405968,-0.35056956114123916,1.0,7.570728032078268,0.042692921322836794,1,98.95610366516284,0.5021898771692956,0.09220535449665757,0.4231567161721606,2.0,1.0,1.0,1.0,0.0,0.0,0.0,0.0,0.0,0.0,0.0,0.0,0.026344386999045014
KXFEDDECISION-25MAY-C25,Economics,70796,1179.9166666666667,1.4116475507090795,0.14145883297079243,250.61283123340303,17742386,0.014497881531688909,1.0110500592068734,0.019046139067047156,-0.7757661851663876,1.0,4.337094224847126,0.42994942042119993,1,82.12469631052602,3.156958020227132,4.257302672467371,1.9704503079270015,2.0,1.0,1.0,1.0,0.0,0.0,0.0,0.0,0.0,0.0,0.0,0.0,8.490592688852477
KXAAAGASM-25MAY31-3.20,Economics,44040,733.9833333333333,3.6638283378746594,0.2033871873377328,41.528496821071755,1828915,0.006121976988922083,0.9746794344808964,0.04034749034749035,-0.04891221005548793,1.0,4.752679408213002,0.187317817129207,1,93.94641235240691,1.396457765667575,0.34287011807447776,2.777020890099909,2.0,2.0,2.0,2.0,0.0,0.0,0.0,0.0,0.0,0.0,0.0,0.0,1.5372388737511353
KXFEDDECISION-25JAN-H0,Economics,60734,1012.2166666666667,1.2486251523034873,0.013362187429288686,15.524681397569731,942876,0.0001891713736974123,0.058079687727267286,0.003161847045649167,-0.9106959032648285,1.0,4.825504158567115,0.05730392174912806,1,98.75193466592023,0.582869562353871,,0.5021898771692956,2.0,1.0,1.0,1.0,0.0,0.0,0.0,0.0,0.0,0.0,0.0,0.0,0.16300589455659104
KXFEDDECISION-25JUL-H0,Economics,60718,1011.95,1.169653150630785,0.013085518464630049,247.51322507328965,15028508,0.0017761274406287826,0.06388765649999396,0.0043371549054490345,-0.39419540715817397,1.0,2.697659711865318,0.38344567485275816,1,86.35824631904872,2.860766164893442,,2.933232319905135,1.0,1.0,1.0,1.0,0.0,0.0,0.0,0.0,0.0,0.0,0.0,0.0,7.847755196152706
KXFEDDECISION-25MAR-H0,Economics,70741,1179.0,1.3490337993525678,0.014553465975935417,18.694194314471098,1322446,0.00023372198303401773,0.07937753865664052,0.003982694999363786,-0.7187131205450712,1.0,4.121330819072256,0.06083776302118689,1,98.66979545101144,0.5838198498748958,,0.5244483397181267,1.0,1.0,1.0,1.0,0.0,0.0,0.0,0.0,0.0,0.0,0.0,0.0,0.22193635939554152
KXFEDDECISION-25MAY-C26,Economics,70796,1179.9166666666667,1.2567517938866604,0.6262082358567951,107.5999773998531,7617648,0.010701574819660532,1.0110500592068734,0.005373944000226033,-0.5464375127426357,1.0,3.9202597527099274,0.24103358573917374,1,91.43595683371942,2.579241765071473,4.514379343465732,0.8983558393129556,1.0,1.0,1.0,1.0,0.0,0.0,0.0,0.0,0.0,0.0,0.0,0.0,0.5720662184304198
KXAAAGASM-25JUN30-3.30,Economics,42600,709.9833333333333,3.2115962441314556,0.6325648565930364,50.98392018779343,2171915,0.011659806918659733,2.378861613724474,0.035884010331063636,-1.4886280788886115,1.0,4.187885880118467,0.20800422324409357,1,93.34976525821597,2.1150234741784035,1.9647887323943662,1.4295774647887325,1.1408450704225352,3.0,2.0,2.0,1.0,0.0,0.0,0.0,0.0,0.0,0.0,0.0,0.0
KXAAAGASM-25JUN30-3.25,Economics,42600,709.9833333333333,3.5886384976525822,0.3711602089056916,39.703192488262914,1691356,0.009733567061504423,4.323064756499593,0.04386710495421461,-0.8447803083376834,1.0,4.438008551098493,0.20951983420422313,1,93.15023474178403,2.3145539906103285,2.589201877934272,1.251173708920188,0.6948356807511737,2.0,3.0,2.0,2.0,0.0,0.0,0.0,0.0,0.0,0.0,0.0,0.0
KXFEDDECISION-24DEC-C25,Economics,17164,286.05,1.4107434164530412,0.015520507442235912,34.84304357958518,598046,0.0007403975694152527,0.2665146048569874,0.008919202518363064,-0.19040088444759198,1.0,5.941958852935017,0.15576273129174004,1,95.8983919832207,1.2234910277324633,1.5963644838033093,1.281752505243533,,1.0,1.0,1.0,1.0,0.0,0.0,0.0,0.0,0.0,0.0,0.0,0.0
KXFEDDECISION-25SEP-H25,Economics,70796,1179.9166666666667,1.009929939544607,2.0,16.14296005424035,1142857,2.1083245905578877e-05,0.298142396999972,7.0635436385726e-05,-0.042618056552534166,1.0,118.91173202893614,0.04320653636945809,1,99.03384371998418,,0.0014125091813096786,0.7302672467371039,0.23447652409740663,1.0,1.0,1.0,1.0,0.0,0.0,0.0,0.0,0.0,0.0,0.0,0.0
KXFEDDECISION-25MAR-C25,Economics,70739,1178.9666666666667,1.5274318268564724,0.5334661591264068,13.353016016624492,944579,0.0026840874562183994,0.8944271909999159,0.007353419389500771,-0.46488062935152463,1.0,6.272171410585659,0.04280293381844751,1,98.95107366516349,0.019791062921443617,0.3873393743196822,0.537185993582041,0.10460990401334484,1.0,1.0,2.0,1.0,0.0,0.0,0.0,0.0,0.0,0.0,0.0,0.0
KXCPI-25JUN-T0.1,Economics,89190,1486.4833333333333,8.929039129947304,0.12467669221467893,3.4673281758044623,309251,0.00048282752285981536,0.25771630927116224,0.010192868356133662,-28.03519798060192,1.0,4.960103083192633,0.04251486746022565,1,98.97297903352393,0.21078596255185558,0.4585715887431326,0.3498150016818029,0.007848413499271218,5.0,5.0,3.0,3.0,0.0,0.0,0.0,0.0,0.0,0.0,0.0,0.0
KXFEDDECISION-25JUL-C25,Economics,60718,1011.95,1.242942784676702,0.19429995164803243,338.19172238874796,20534325,0.014066343152446793,0.5962847939999436,0.008638070764973315,-0.47338697304075306,1.0,3.6396048818315583,0.43589639493337884,1,81.48654435258078,3.0106393491221715,1.7721268816495932,4.27550314568991,9.455186270957542,1.0,1.0,1.0,1.0,0.0,0.0,0.0,0.0,0.0,0.0,0.0,0.0
KXCPI-25JUN-T0.2,Economics,89190,1486.4833333333333,12.040923870389056,0.2224640175541647,5.46756362820944,487652,0.0013272524438821612,0.9480928224599109,0.011212155191747028,-38.57950912896951,1.0,5.372036777718882,0.04557488024507207,1,98.8922524946743,0.18275591434017266,0.587509810516874,0.28702769368763315,0.050454086781029264,8.0,5.0,3.0,3.0,0.0,0.0,0.0,0.0,0.0,0.0,0.0,0.0
KXAAAGASM-25JUN30-3.20,Economics,42600,709.9833333333333,3.752417840375587,0.15526021430787543,50.34058685446009,2144509,0.0126326501592807,2.799801580271161,0.05709321436957032,-0.6449042325595354,1.0,5.602314438738762,0.2862562992338084,1,89.74647887323943,4.124413145539906,3.2018779342723005,1.960093896713615,0.9671361502347418,2.0,2.0,2.0,2.0,0.0,0.0,0.0,0.0,0.0,0.0,0.0,0.0
KXFEDDECISION-25JUL-C26,Economics,60718,1011.95,1.1443723442801146,1.0878710198249808,193.77146809842222,11765416,0.011282541652472548,1.0954451150103324,0.002223759636291757,-0.40894411236267547,1.0,5.226100601340721,0.2549776912164963,1,91.82285319015779,,0.4463256365492934,3.4240258243025132,4.3067953489904145,1.0,1.0,1.0,1.0,0.0,0.0,0.0,0.0,0.0,0.0,0.0,0.0
KXCPI-25JUN-T0.3,Economics,89190,1486.4833333333333,11.434914228052472,0.348435786695307,5.102489068281198,455091,0.0018105524105530492,0.7997061188606785,0.00912648575913882,-42.508458937749616,1.0,5.998100816401374,0.038476980698043096,1,99.11312927458236,0.1636954815562283,0.38345105953582237,0.251149231976679,0.08857495234891805,8.0,5.0,2.0,2.0,0.0,0.0,0.0,0.0,0.0,0.0,0.0,0.0
KXFEDDECISION-25JUN-H25,Economics,60716,1011.9166666666666,1.138958429409052,1.9922859156095432,15.016848936030042,911763,0.0002136165769494662,0.5477225575051661,0.00016143379567093864,-0.8100767782962265,1.0,38.71041630701475,0.0695871098584583,1,98.25416694116872,,0.009882073917912905,1.4427827920152843,0.2931681928980829,1.0,1.0,1.0,1.0,0.0,0.0,0.0,0.0,0.0,0.0,0.0,0.0
KXAAAGASM-25APR30-3.15,Economics,39570,659.4833333333333,13.083295425827647,0.26748842984399046,33.779706848622695,1336663,0.007338680840122627,0.6752170118106835,0.04249241658240647,-38.33723963963919,1.0,4.561707963401766,0.21770107050218668,1,92.69143290371493,2.529694212787465,2.9567854435178167,1.3949962092494315,0.42709123073035127,25.0,3.0,3.0,5.0,0.0,0.0,0.0,0.0,0.0,0.0,0.0,0.0
KXFEDDECISION-25MAY-H25,Economics,70796,1179.9166666666667,1.057079496016724,1.9259790715232101,28.367139386406013,2008280,0.0025959822233767066,1.3662601021279464,0.0010228011188653124,-0.20280121848974714,1.0,9.79340484418677,0.10287694602709493,1,97.37414543194531,,0.1130007345047743,1.5989603932425562,0.913893440307362,1.0,1.0,1.0,1.0,0.0,0.0,0.0,0.0,0.0,0.0,0.0,0.0
KXAAAGASM-25APR30-3.10,Economics,39570,659.4833333333333,9.221506191559262,0.14712204186240427,31.24109173616376,1236210,0.002438998411667965,0.9831816591651003,0.026769464105156723,-27.125388974155403,1.0,4.889268513906536,0.1598180994158539,1,94.92797573919636,1.7664897649734648,2.0368966388678293,1.2282031842304777,0.04043467273186758,11.0,3.0,3.0,3.0,0.0,0.0,0.0,0.0,0.0,0.0,0.0,0.0
KXFEDDECISION-25OCT-H0,Economics,122640,2043.9833333333333,2.6850293542074364,0.17415336599915854,123.42831865622962,15137249,0.006527951498024014,0.6708203932499369,0.012297154040609964,-4.826485246399812,1.0,4.545755430188039,0.22437354644120078,1,92.65003261578603,2.243150684931507,2.1828114807566865,1.9732550554468362,0.9507501630789302,4.0,4.0,1.0,1.0,0.0,0.0,0.0,0.0,0.0,0.0,0.0,0.0
KXCPI-25JUL-T0.2,Economics,87750,1462.4833333333333,36.076809116809116,0.7826219493121015,8.946575498575498,785062,0.0015623894114404572,0.31801855679997004,0.012018463642580352,-127.62632112172295,1.0,4.443492718540251,0.06554721333615933,1,98.28376068376068,0.46039886039886035,0.015954415954415956,0.4113960113960114,0.8284900284900285,100.0,9.0,3.0,2.0,0.0,0.0,0.0,0.0,,0.0,0.0,0.0
KXCPI-25APR-T0.1,Economics,87746,1462.4166666666667,10.405431586625031,0.15564702021260315,5.479805347252296,480831,0.00048164612078584434,0.15652475842498534,0.017714507157837147,-25.909664077951778,1.0,5.193325128625657,0.04024600474876162,1,99.02445695530281,0.3282200898046635,0.002279306179199052,0.15157386091673694,0.4934697877965947,14.0,13.0,4.0,3.0,0.0,0.0,0.0,0.0,0.0,0.0,0.0,0.0
KXAAAGASM-25JUL31-3.10,Economics,44040,733.9833333333333,3.8298819255222525,0.05121381112899969,28.090213442325158,1237093,0.001976029612030819,0.19006577808748212,0.025262321144674086,-4.697400261225554,1.0,3.8432445146160688,0.16642086719038063,1,94.65940054495913,1.478201634877384,0.027247956403269755,1.6825613079019073,2.1525885558583107,3.0,3.0,3.0,2.0,0.0,0.0,0.0,0.0,0.0,0.0,0.0,0.0
KXCPI-25MAY-T0.0,Economics,87746,1462.4166666666667,20.878239463907185,0.36703655407164826,2.9508239691837805,258923,0.0002150498730598447,0.08944271909999157,0.007741406036290691,-73.13975114441436,1.0,5.08202429172358,0.04171376077168558,1,99.15209810133796,0.34075627379025825,,0.16866865726072983,0.3384769676110592,50.0,7.0,2.0,2.0,0.0,0.0,0.0,0.0,0.0,0.0,0.0,0.0
KXFEDDECISION-25SEP-C26,Economics,70796,1179.9166666666667,1.1653200745804848,0.19161223290925788,413.30031357703825,29260009,0.013194349919486757,0.5366563145999497,0.007685135478766988,0.008235873631467914,1.0,3.0449075114583204,0.3943912351348714,1,84.59941239618057,3.6004859031583707,4.70083055539861,5.114695745522345,1.9845753997400981,1.0,1.0,1.0,1.0,0.0,0.0,0.0,0.0,0.0,0.0,0.0,0.0
KXFEDDECISION-25OCT-C25,Economics,122640,2043.9833333333333,2.5972276581865623,0.042490926590224375,80.83488258317026,9913590,0.0005931731199038254,0.298142396999972,0.005153714425507624,-5.773600051801859,1.0,3.5039104477603535,0.15088142189350404,1,95.24787997390737,1.4571102413568167,0.0016307893020221789,1.9536855838225704,1.3396934116112198,6.0,3.0,1.0,1.0,0.0,0.0,0.0,0.0,0.0,0.0,0.0,0.0
KXCPI-25MAY-T0.1,Economics,87746,1462.4166666666667,18.787488888382377,0.3674024689011051,3.641875413124245,319560,0.0012026769795125006,0.2860052849823475,0.008590544360353789,-55.35291632276951,1.0,5.236056334227777,0.046321046962585447,1,98.87630205365487,0.38406309119504023,0.018234449433592415,0.29175119093747864,0.4296492147790213,17.0,6.0,2.0,2.0,0.0,0.0,0.0,0.0,,,0.0,0.0
KXCPI-25JUL-T0.3,Economics,87750,1462.4833333333333,33.37867806267806,0.8545352392996196,5.755156695156695,505015,0.0037954343792269253,3.5031731647496707,0.00849099612491452,-117.79911993094088,1.0,4.7683882278310925,0.03935902859844253,1,99.07350427350427,0.24957264957264957,0.11737891737891737,0.07635327635327635,0.4831908831908832,92.0,8.0,5.0,2.0,0.0,0.0,0.0,0.0,,0.0,0.0,0.0
KXCPI-25JUL-T0.1,Economics,87750,1462.4833333333333,38.661390313390314,0.7718020387971978,7.776740740740741,682409,0.0007210117558031435,0.4472135954999579,0.011543195805789833,-132.36358578405867,1.0,3.9382998113398546,0.048579625907586965,1,98.78404558404559,0.3418803418803419,0.0011396011396011395,0.2438746438746439,0.629059829059829,100.0,9.0,4.0,3.0,0.0,0.0,0.0,0.0,,0.0,0.0,0.0
KXCPI-25APR-T0.2,Economics,87746,1462.4166666666667,12.202653112392587,0.21534938417411795,8.218346135436374,721127,0.0007474663343015534,0.149071198499986,0.02103241542810249,-28.919535042391406,1.0,5.498724147817398,0.0461720614149562,1,99.0369931392884,0.2655391698766896,,0.1857634536047227,0.5117042372301871,14.0,14.0,3.0,4.0,0.0,0.0,0.0,0.0,0.0,0.0,0.0,0.0
KXFEDDECISION-25SEP-C25,Economics,70796,1179.9166666666667,1.1154726255720662,0.015124532292648095,256.43478445109895,18154557,0.0018549177915152687,0.21023921631246087,0.005697454298872659,-0.24162479977644416,1.0,3.1675570820090586,0.34606786616778706,1,85.41725521215888,3.398497090231087,0.004237527543929035,8.460929996044975,2.7190801740211312,1.0,1.0,1.0,1.0,0.0,0.0,0.0,0.0,0.0,0.0,0.0,0.0
KXFEDDECISION-25OCT-C26,Economics,122640,2043.9833333333333,3.1034980430528374,0.5165392485024989,111.63776908023483,13691256,0.004810894198380186,0.8944271909999159,0.002772567887140178,-6.656033157553643,1.0,4.660189973633931,0.12892325123110976,1,96.02739726027397,1.7000978473581212,1.743313763861709,0.02364644487932159,0.5055446836268753,6.0,6.0,1.0,1.0,0.0,0.0,0.0,0.0,0.0,0.0,0.0,0.0
KXCPI-25SEP-T0.3,Economics,90630,1510.4833333333333,4.786351097870463,0.1281705322662604,2.4380668652763986,220962,0.0002215462991159987,0.10163945352271772,0.013131758993599647,-7.747285656588434,1.0,6.348653364635855,0.02179286847589663,1,99.58953988745448,0.1335098753172239,,0.030894847180845193,0.24605539004744567,8.0,7.0,3.0,2.0,0.0,0.0,0.0,0.0,0.0,0.0,0.0,0.0
KXCPI-25MAY-T0.2,Economics,87746,1462.4166666666667,15.999270622022657,0.4094968419493266,3.0349417637271214,266304,0.0013721298352757448,0.4333071682315171,0.006353150360171423,-45.33499484095681,1.0,5.715886117696457,0.03191922293598341,1,99.27404098192511,0.22109269938230805,0.0797757162719668,0.05926196065917535,0.36582864176144786,17.0,7.0,2.0,2.0,0.0,0.0,0.0,0.0,0.0,0.0,0.0,0.0
KXCPI-25APR-T0.3,Economics,87746,1462.4166666666667,13.047193034440316,0.3247241380108094,5.138524833040822,450885,0.001723965435164894,0.7155417527999328,0.025189203975563054,-28.911923970012456,1.0,5.865247273551079,0.03171483352701523,1,99.26720306338751,0.39659927518063504,0.23818749572630094,0.06382057301757345,0.03418959268798578,14.0,13.0,4.0,3.0,0.0,0.0,0.0,0.0,0.0,0.0,0.0,0.0
KXAAAGASM-25MAY31-3.10,Economics,44040,733.9833333333333,2.7037238873751135,0.03535726984352388,27.45812897366031,1209256,0.0014222359902543228,0.10927774320033018,0.024730865319100615,-2.726866103897412,1.0,3.676989650273109,0.14546398788004578,1,95.48138056312443,1.9686648501362396,1.262488646684832,1.2579473206176204,0.02951861943687557,2.0,2.0,2.0,2.0,0.0,0.0,0.0,0.0,0.0,0.0,0.0,0.0
KXFEDDECISION-24DEC-H0,Economics,17190,286.48333333333335,1.4146015125072717,0.24060645969425246,23.71390343222804,407642,0.007197236578364117,0.6708203932499369,0.008306169965075669,0.13756114318919563,1.0,4.2189371279776084,0.09632520359099213,1,97.32984293193716,0.983129726585224,0.9075043630017453,0.08726003490401396,0.6922629435718441,1.0,1.0,1.0,1.0,0.0,0.0,0.0,0.0,0.0,0.0,0.0,0.0
KXAAAGASM-25JUL31-3.15,Economics,44040,733.9833333333333,5.940099909173479,0.1634890938972075,44.1066757493188,1942458,0.014119177815976366,0.9384577285579782,0.05149670679082444,-0.4925554321534163,1.0,3.8296959031748514,0.286584289736626,1,89.98864668483198,3.3106267029972756,2.0231607629427795,2.8428701180744778,1.8346957311534968,2.0,5.0,5.0,4.0,0.0,0.0,0.0,0.0,0.0,0.0,0.0,0.0
KXFEDDECISION-25MAY-H0,Economics,70796,1179.9166666666667,1.3451466184530199,0.01656696010056618,186.98518277868806,13237803,0.002548399828724253,0.7020459735940434,0.01312971491537875,-0.7498883537755977,1.0,3.6106373557219205,0.35139871149919194,1,84.56833719419177,2.6074919486976667,2.5848918017967115,10.227978981863382,0.011300073450477429,2.0,1.0,1.0,1.0,0.0,0.0,0.0,0.0,0.0,0.0,0.0,0.0
KXFEDDECISION-25SEP-H0,Economics,70796,1179.9166666666667,1.164924572009718,0.12938776353846076,603.172834623425,42702224,0.015254902092332781,1.0110500592068736,0.008053852456700478,-0.3350807203358176,1.0,3.871342131304843,0.4531653703730893,1,81.37041640770664,2.6428046782304087,3.9239505056782873,5.651449234420023,6.41137917396463,1.0,1.0,1.0,1.0,0.0,0.0,0.0,0.0,0.0,0.0,0.0,0.0
KXHIGHMIA-25OCT24-B85.5,Weather,2280,37.983333333333334,3.6478070175438595,0.6290500421136254,104.2530701754386,237697,0.02106061257327708,0.5325620324600827,0.14189427312775332,-3.7876889176031034,1.0,4.130046324592335,0.25027861329503764,1,91.49122807017544,2.982456140350877,1.9298245614035088,0.9649122807017544,2.631578947368421,4.0,4.0,4.0,1.0,0.0,0.0,0.0,0.0,0.0,0.0,0.015971914124998543,0.0
KXHIGHNY-25OCT13-T58,Weather,2280,37.983333333333334,2.682017543859649,0.4589927115928662,217.26008771929824,495353,0.03035920372830361,0.5911370231178449,0.08854625550660793,-2.205315074182628,1.0,3.3599425757681467,0.48343719499225146,1,79.69298245614034,5.131578947368421,3.421052631578948,7.368421052631578,4.385964912280701,1.0,1.0,2.0,1.0,0.0,0.0,0.0,0.0,0.0,0.0,0.016258120563994234,0.0
KXHIGHNY-25OCT15-B65.5,Weather,2280,37.983333333333334,3.7407894736842104,0.6050614872978437,48.87543859649123,111436,0.017185414497201075,0.6548801817063061,0.10268722466960353,-9.084117076997657,1.0,4.247694034059213,0.32788369148610125,1,87.93859649122807,3.421052631578948,1.9298245614035088,4.605263157894736,2.1052631578947367,7.0,1.0,2.0,1.0,0.0,0.0,0.0,0.0,0.0,0.0,0.015208883348845584,0.0
KXRAINNYC-25AUG21-T0,Weather,2280,37.983333333333334,4.065789473684211,0.04915144360349676,35.20701754385965,80272,0.0009673585287736433,0.05654424770689121,0.026872246696035242,-11.05384065160713,1.0,6.346492360946908,0.1217733481923201,1,96.3157894736842,0.8333333333333334,2.06140350877193,0.7456140350877193,0.043859649122807015,8.0,6.0,1.0,1.0,0.0,0.0,0.0,0.0,0.0,0.0,0.0,0.0
KXHMONTH-25FEB,Weather,67400,1123.3166666666666,12.219525222551928,0.8318385859107162,3.15146884272997,212409,0.004428002028777863,3.5777087639996634,0.006499480635109066,-55.896989977652225,1.0,4.890033471000697,0.05082590431144812,1,98.74629080118694,0.5400593471810089,0.46439169139465875,0.050445103857566766,0.19881305637982197,50.0,3.0,1.0,1.0,0.0,0.0,0.0,0.0,0.0,0.0,0.0,0.0
KXHIGHMIA-25NOV10-B85.5,Weather,2280,37.983333333333334,4.55,0.3203124620453856,21.496052631578948,49011,0.04442933867497795,2.332839316089164,0.08202643171806166,-3.7852742333695057,1.0,6.023745901359205,0.2133822407500175,1,93.11403508771929,2.5877192982456143,1.4035087719298245,1.3596491228070176,1.5350877192982455,5.0,4.0,3.0,1.0,0.0,0.0,0.0,0.0,0.0,0.0,0.0,0.0
KXHIGHNY-25OCT28-T54,Weather,2280,37.983333333333334,5.332017543859649,0.899393144037496,41.925877192982455,95591,0.05107541128600852,2.0124611797498106,0.1205726872246696,-10.913794734534763,1.0,4.06065283769346,0.46649655059169515,1,80.43859649122807,3.684210526315789,3.4649122807017543,8.333333333333332,4.078947368421053,9.0,4.0,1.0,1.0,0.0,0.0,0.0,0.0,0.0,0.0,0.04995089348643979,0.0
KXHIGHNY-25OCT12-B61.5,Weather,2280,37.983333333333334,3.5026315789473683,1.0648579009533432,51.30263157894737,116970,0.054664259272655794,5.580514501725627,0.08303964757709252,-4.659293015528771,1.0,6.510811293735525,0.30015946074819805,1,89.3859649122807,3.070175438596491,1.7543859649122806,3.1140350877192984,2.675438596491228,4.0,4.0,1.0,1.0,0.0,0.0,0.0,0.0,0.0,0.0,0.0,0.0
KXHIGHMIA-25OCT21-B88.5,Weather,2280,37.983333333333334,4.87719298245614,0.5213309508895975,22.11622807017544,50425,0.05791292707375761,7.155417527999327,0.12202643171806167,-9.623729204642517,1.0,8.438944931162052,0.3157739079385532,1,88.28947368421053,4.517543859649123,1.4912280701754386,4.254385964912281,1.4473684210526316,4.0,2.0,2.0,1.0,0.0,0.0,0.0,0.0,0.0,0.0,0.017200522903846785,0.0
KXHIGHNY-25OCT29-B54.5,Weather,2280,37.983333333333334,3.2592105263157896,0.6001130003163248,38.85877192982456,88598,0.00969878792528427,0.4513907462700675,0.08083700440528635,-4.045182168485686,1.0,5.255507949295612,0.32784983844780996,1,87.93859649122807,4.166666666666666,3.640350877192983,2.807017543859649,1.4473684210526316,4.0,4.5,3.0,1.0,0.0,0.0,0.0,0.0,0.0,0.0,0.00868457774066652,0.0
KXRAINNYC-25JUN28-T0,Weather,2148,35.78333333333333,44.29841713221602,0.6231800083401015,92.88454376163874,199516,0.007051951020433501,0.7334302966199311,0.007951356407857811,-61.960481814329626,1.0,8.252674164222343,0.040894857750260936,1,99.02234636871509,0.0931098696461825,0.23277467411545624,0.5586592178770949,0.0931098696461825,58.0,58.0,58.0,1.0,0.0,0.0,0.0,0.0,,0.0,0.0,0.0
KXHIGHLAX-25NOV03-B70.5,Weather,1535,25.566666666666666,3.2996742671009773,0.9847104862312396,136.1231270358306,208949,0.21608791683905168,43.93969720085757,0.09468852459016394,-3.6427931596091208,1.0,11.760315576780949,0.3446426205855406,1,86.57980456026058,0.8469055374592834,3.713355048859935,2.4755700325732897,6.384364820846905,3.0,3.0,1.0,1.0,0.0,0.0,0.0,0.0,0.0,0.0,0.0,0.0
KXHIGHNY-25NOV06-B53.5,Weather,2280,37.983333333333334,1.868421052631579,1.317145068411366,78.63026315789473,179277,0.014538979101236155,0.7395193634306602,0.05982378854625551,-3.7262557973188386,1.0,4.974341744338245,0.3128431792432876,1,88.7280701754386,1.7982456140350878,2.368421052631579,3.070175438596491,4.035087719298246,2.0,1.0,1.0,1.0,0.0,0.0,0.0,0.0,0.0,0.0,0.0,0.0
KXHMONTH-25JUL,Weather,86615,1443.5666666666666,3.417826011660798,0.8771976511075011,3.442290596317035,298154,0.006529137387785558,11.627553482998907,0.010684140638531264,-9.737997099012478,1.0,5.6413101174852525,0.07975127335673181,1,97.88027477919529,0.30710615944120534,0.9617271835132483,0.6707845061478959,0.18010737170236102,3.0,2.0,2.0,1.0,0.0,0.0,0.0,0.0,0.0,0.0,0.0,0.0
KXRAINNYC-25JUL13-T0,Weather,2098,34.95,25.61725452812202,0.9590074597105498,26.52097235462345,55641,0.01963468516550906,4.024922359499621,0.022030651340996167,-93.56475483581758,1.0,9.103434955580072,0.12791614772135793,1,96.66348903717827,0.3813155386081983,1.0486177311725453,1.9065776930409915,,85.0,19.0,3.0,1.0,0.0,0.0,0.0,0.0,0.0,0.0,0.0,0.0
KXHMONTH-25JAN,Weather,72664,1211.05,15.812506880986458,0.3238749796820203,12.139326213806012,882092,0.004011056396004888,2.23606797749979,0.03200099099843092,-62.88106238893288,1.0,4.5952081459792,0.16586344588668964,1,94.68650225696355,2.0505339645491576,2.0876912914235386,1.1092150170648465,0.06605746999889904,50.0,5.0,3.0,2.0,0.0,0.0,0.0,0.0,0.0,0.0,0.0,0.0
KXHIGHNY-25OCT17-B61.5,Weather,2280,37.983333333333334,2.6578947368421053,0.4639076528397331,35.420614035087716,80759,0.021361339161559172,0.7213391964833114,0.136431718061674,-0.6674934816216499,1.0,4.142294477490537,0.41369594773865837,1,83.37719298245614,6.535087719298245,5.087719298245614,2.456140350877193,2.543859649122807,2.0,4.0,3.0,1.0,0.0,0.0,0.0,0.0,0.0,0.0,0.01771316593941013,0.0
KXHIGHLAX-25OCT10-B74.5,Weather,2460,40.983333333333334,3.1373983739837397,0.6978177318897654,67.0569105691057,164960,0.018072512070257,0.9562744369774653,0.12167346938775511,-3.320654899356791,1.0,5.019934863866424,0.37352631893405214,1,85.65040650406503,5.691056910569105,3.536585365853658,2.195121951219512,2.9268292682926833,3.0,4.0,3.0,1.0,0.0,0.0,0.0,0.0,0.0,0.0,0.007985957062499155,0.0
KXHIGHMIA-25NOV07-B86.5,Weather,2280,37.983333333333334,3.2416666666666667,0.08489729007472852,23.607894736842105,53826,0.01679316307282688,0.42912116052951904,0.10537444933920705,-3.167148526731146,1.0,3.8059001542958795,0.297237618906133,1,89.34210526315789,3.8157894736842106,3.508771929824561,2.06140350877193,1.2719298245614035,4.0,3.0,1.0,1.0,0.0,0.0,0.0,0.0,0.0,0.0,0.008131156281818376,0.0
KXHIGHNY-25OCT20-B68.5,Weather,2280,37.983333333333334,5.165350877192982,0.18900361786766925,178.5872807017544,407179,0.09055248531688206,15.482142191567442,0.09017621145374449,-5.896798495581373,1.0,7.0766534110912405,0.2823712956246599,1,90.04385964912281,3.684210526315789,3.026315789473684,2.06140350877193,1.1842105263157896,3.0,10.0,1.0,1.0,0.0,0.0,0.0,0.0,0.0,0.0,0.0,0.0
KXHMONTH-24DEC,Weather,54465,907.7333333333333,2.6507298264940786,0.7220629144244363,2.22260167079776,121054,0.0026337305884943864,1.3416407864998738,0.003176935084014324,-2.784623791285245,1.0,6.626196321986796,0.03088628448351348,1,99.2857798586248,0.01101624896722666,0.35802809143486647,0.2662260167079776,0.07894978426512439,2.0,4.0,2.0,1.0,0.0,0.0,0.0,0.0,0.0,0.0,0.0,0.0
KXHIGHLAX-25OCT17-B74.5,Weather,2460,40.983333333333334,2.539837398373984,0.5100745751660245,107.7239837398374,265001,0.03185096580748022,1.5245420279748696,0.13383673469387755,-2.318726276250971,1.0,5.9784647169972125,0.39259319216285926,1,84.47154471544715,6.382113821138212,4.59349593495935,2.3577235772357725,2.195121951219512,2.0,3.0,2.0,1.0,0.0,0.0,0.0,0.0,0.0,0.0,0.02181529734146161,0.0
KXRAINNYC-25OCT22-T0,Weather,2280,37.983333333333334,11.610526315789473,0.1837114969026896,131.23245614035088,299210,0.0034465361054584745,0.8023538036911009,0.04110132158590308,-31.839652506979952,1.0,8.35007405008194,0.2688423223234346,1,89.47368421052632,5.87719298245614,0.6140350877192983,3.903508771929825,0.13157894736842105,9.0,5.0,1.0,1.0,0.0,0.0,0.0,0.0,0.0,0.0,0.0,0.0
KXHIGHLAX-25OCT14-T64,Weather,2460,40.983333333333334,1.9752032520325202,1.1432414226502792,83.20365853658537,204681,0.010453611885731667,0.6708203932499369,0.05661224489795918,-2.7708833410967197,1.0,4.400775938830848,0.3055079841851131,1,88.9430894308943,1.1382113821138211,2.5203252032520327,3.4552845528455287,3.9430894308943087,1.0,2.0,1.0,1.0,0.0,0.0,0.0,0.0,0.0,0.0,0.0,0.0
KXHIGHLAX-25OCT19-T78,Weather,2460,40.983333333333334,2.7378048780487805,0.7334574959212091,74.72357723577235,183820,0.06260827266201677,1.9696565004657085,0.09738775510204081,-1.228987819744105,1.0,4.060021976127479,0.42108051789102596,1,83.17073170731707,6.585365853658537,3.861788617886179,3.4552845528455287,2.9268292682926833,2.0,3.0,2.0,1.0,0.0,0.0,0.0,0.0,0.0,0.0,0.04472135954999939,0.0
KXHIGHMIA-25OCT26-B84.5,Weather,2280,37.983333333333334,2.7013157894736843,0.805065520688293,29.84298245614035,68042,0.04041869516921316,5.9690891006382225,0.04392070484581498,-4.234489720575028,1.0,7.365679271311534,0.24253530463999431,1,91.75438596491227,1.1403508771929824,3.2017543859649127,1.1403508771929824,2.763157894736842,5.0,1.0,1.0,1.0,0.0,0.0,0.0,0.0,0.0,0.0,0.0,0.0
KXHIGHNY-25OCT31-T58,Weather,2280,37.983333333333334,2.9785087719298247,0.6358900992202609,50.30482456140351,114695,0.1018028597673003,2.5823182117893166,0.13594713656387666,-0.2657502480445076,1.0,4.958735239601397,0.4609783287844655,1,80.43859649122807,8.728070175438596,5.307017543859649,2.543859649122807,2.982456140350877,1.0,4.0,4.0,1.0,0.0,0.0,0.0,0.0,0.0,0.04065578140908265,0.05366563145999705,0.0
KXHIGHNY-25OCT20-T64,Weather,2280,37.983333333333334,1.7776315789473685,1.3798746947859017,135.3530701754386,308605,0.0925933960677177,14.399271739568489,0.03775330396475771,-2.358495812086136,1.0,8.360029126660221,0.3002971261374546,1,88.94736842105263,4.385964912280701,1.9298245614035088,0.7894736842105263,3.9473684210526314,1.0,1.0,1.0,1.0,0.0,0.0,0.0,0.0,0.0,0.0,0.0,0.0
KXRAINNYC-25OCT20-T0,Weather,2280,37.983333333333334,7.032894736842105,0.07880895400186605,149.32850877192982,340469,0.0016285745313327684,0.14504224718917555,0.01616740088105727,-17.794414961120538,1.0,5.560569303455643,0.24743252540620478,1,90.74561403508771,0.043859649122807015,1.0087719298245614,4.912280701754386,3.289473684210526,9.0,13.0,1.0,1.0,0.0,0.0,0.0,0.0,0.0,0.0,0.0,0.0
KXSUPERBOWLHEADLINE-26-BAD,Culture,154810,2580.15,7.162625153413862,0.7364355121984792,7.634164459660228,1181845,0.0015909166163848767,4.667680969746494,0.004755813953488373,-8.70298468224658,1.0,6.652405333025626,0.021141510255535657,1,99.55881403010142,0.03681932691686583,0.14533944835604934,0.12014727730766746,0.13887991731800273,10.0,10.0,4.0,4.0,0.0,0.0,0.0,0.0,0.0,0.0,0.0,0.0
KXRTCAPTAINAMERICA-50,Culture,18793,313.2,7.727079231628798,0.11636613772978714,36.23386367264407,680943,0.014399086937507004,6.832297662955355,0.08491721237289038,-6.796538333278684,1.0,5.655291821296258,0.249206954700061,1,91.32655776086841,0.9524823072420582,2.4743255467461287,4.086627999787154,1.1600063853562497,8.0,13.0,2.0,5.0,0.0,0.0,0.0,0.0,0.0,0.0,0.0,0.0
KXRTCAPTAINAMERICA-45,Culture,44648,744.1166666666667,3.5189258197455655,0.039627699903114974,7.88481006987995,352041,0.0008107418088203884,0.37014137119306495,0.011223621129978942,-4.540730987854668,1.0,6.443080856637365,0.06323180336444012,1,98.38962551514065,0.058233291524816336,0.6226482709191901,0.5308188496685182,0.3986740727468196,5.0,2.0,2.0,1.0,0.0,0.0,0.0,0.0,0.0,0.0,0.0,0.0
KXRTCAPTAINAMERICA-55,Culture,18782,313.01666666666665,4.707272920881695,0.45735047687624125,18.994143328718987,356748,0.014703423150005251,1.5911787370508161,0.03009801832516514,-9.59118840841158,1.0,4.826127881961403,0.12637465340814732,1,96.35289106591416,0.9849856245341284,1.448195080396124,0.3407517836226174,0.873176445532957,9.0,4.0,2.0,1.0,0.0,0.0,0.0,0.0,0.0,0.0,0.0,0.0
KXSBADS-25-PR,Culture,75159,1252.6333333333334,19.90383054590934,0.42974877548451074,4.848015540387712,364372,0.004774387899327221,1.043072384832424,0.012143874169982301,-77.21451026644144,1.0,4.9340635803646515,0.060287773714115894,1,98.49519019678283,0.49894224244601443,0.4643489136364241,0.09047485996354396,0.4510437871711971,92.0,6.0,5.0,2.0,0.0,0.0,0.0,0.0,0.0,0.0,0.0,0.0
KXSBADS-25-P,Culture,77054,1284.2166666666667,19.05814104394321,0.4918911019791356,6.235393360500428,480462,0.004859770633183307,2.593838853899756,0.045024920824463945,-25.378074471931004,1.0,5.050909418263794,0.07123658260652406,1,98.19217691489087,0.38933734783398655,0.7021050172606225,0.3270433721805487,0.38933734783398655,10.0,25.0,23.0,3.0,0.0,0.0,0.0,0.0,0.0,0.0,0.0,0.0
KXRTMINECRAFT-45,Culture,67627,1127.1,5.0891507829712985,0.10981081599238243,4.561905747704319,308508,0.001871279652778615,2.6832815729997477,0.03468062765280921,-4.220807864183089,1.0,4.659661541949797,0.06117271619778934,1,98.41187691306726,0.022180490040959972,0.851730817572863,0.3474943439750396,0.3667174353438715,4.0,6.0,7.0,2.0,0.0,0.0,0.0,0.0,0.0,0.0,0.0,0.0
KXRTMINECRAFT-50,Culture,67627,1127.1,7.565558135064397,0.262493553368707,5.25693879663448,355511,0.004802874016685509,2.6832815729997477,0.05480870195365071,-15.797463070581214,1.0,5.326892208213006,0.0670482180400802,1,98.2876661688379,0.19370961302438375,0.8280716281958389,0.3297499519422716,0.36080263799961554,15.0,8.0,2.0,3.0,0.0,0.0,0.0,0.0,0.0,0.0,0.0,0.0
KXSBADS-25-CC,Culture,22033,367.2,4.9867017655335175,0.08916786721730224,30.569463985839423,673537,0.014236700206451782,1.7180715298865596,0.09213095400263362,-7.252225212891597,1.0,4.075194161929311,0.33280756126999295,1,87.03762538011165,0.8759587890890936,3.5083738029319655,6.6990423455725505,1.8789996822947397,5.0,3.0,3.0,2.0,0.0,0.0,0.0,0.0,0.0,0.0,0.0,0.011467015269254782
KXSBADS-25-CB,Culture,8917,148.6,5.233710889312549,0.15082498886328552,28.20870247841202,251537,0.02447373771440903,1.0671873729054748,0.11183338946895699,-10.490134290964226,1.0,4.116114119508044,0.3454489660822483,1,86.78927890546147,1.783110911741617,4.272737467758215,5.5736234159470674,1.581249299091623,5.0,4.0,2.0,2.0,0.0,0.0,0.0,0.0,0.0,0.0,0.0,0.016563466499997966
KXSBADS-25-V,Culture,75127,1252.1,18.186031653067474,0.36884183306448404,8.184367803852144,614867,0.008637201011619794,2.0928980439147584,0.04621723444759508,-62.37143769741202,1.0,4.926901018957374,0.14107662917649827,1,95.81907969172202,1.7237477870805435,1.212613308131564,0.8119584170804104,0.4326007959854646,47.0,6.0,5.0,2.0,0.0,0.0,0.0,0.0,0.0,0.0,0.0,0.0
KXSUPERBOWLHEADLINE-26-TAY,Culture,154811,2580.1666666666665,6.447862232011937,0.5866059693095276,10.967424795395676,1697878,0.0076112556219309745,3.193592167267078,0.012188551753541645,-9.782409467833222,1.0,6.551340852316017,0.12639840874528419,1,96.30969375561168,1.4113984148413226,1.181440595306535,0.9030366059259354,0.19443062831452546,10.0,10.0,2.0,4.0,0.0,0.0,0.0,0.0,,0.0,0.0,0.0
KXSBADS-25-B,Culture,74992,1249.85,7.786177192233838,0.09351904977177328,5.886494559419671,441440,0.0013074756767941632,4.702528147897202,0.008490037609026167,-29.770368771507044,1.0,7.737377434887017,0.0546528717982029,1,98.65585662470664,0.3733731598037124,0.4853851077448261,0.41471090249626624,0.07067420524855984,20.0,2.0,2.0,1.0,0.0,0.0,0.0,0.0,0.0,0.0,0.0,0.0
KXRTMINECRAFT-40,Culture,65620,1093.65,10.631331911002743,0.1784711266320469,3.6748857055775677,241146,0.00154606788623414,0.4760660855322133,0.044657826550830663,-29.450843880350448,1.0,6.157671072526599,0.0514088881508189,1,98.70771106370009,0.6949100883876866,0.2514477293508077,0.3276440109722646,0.01828710758914965,24.0,9.0,4.0,1.0,0.0,0.0,0.0,0.0,0.0,0.0,0.0,0.0
KXRTMINECRAFT-55,Culture,67627,1127.1,11.265796205657503,0.6123347277185041,2.7055761751962972,182970,0.002755110614319083,1.12578572167365,0.04704438232988745,-29.04953423249174,1.0,6.7114805099180135,0.029701526672288203,1,99.3345852987712,0.34010084729471957,0.05471187543436793,0.1789226196637438,0.09167935883596788,24.0,10.0,6.0,2.0,0.0,0.0,0.0,0.0,0.0,0.0,0.0,0.0
KXSBADS-25-TM,Culture,74937,1248.9333333333334,18.632998385310326,0.29503653797141094,6.122342767925057,458790,0.003977686768801794,2.2074641467493135,0.02545143940101699,-64.94963447643431,1.0,5.155452735071149,0.08041982449740392,1,97.80081935492481,0.8740675500753966,0.9968373433684294,0.26955976353470246,0.05871598809666787,48.0,9.0,7.0,2.0,0.0,0.0,0.0,0.0,,0.0,0.0,0.0
KXSBADS-25-T,Culture,22031,367.1666666666667,3.7154010258272434,0.2068721914598023,24.027188961009486,529343,0.016315097101283926,2.4283510637650583,0.041805549248444665,-10.85432665241258,1.0,5.131650285512468,0.2421389013668063,1,91.96586627933367,2.550950932776542,1.9971857836684672,1.9427170804775091,1.5432799237438155,2.0,2.0,2.0,1.0,0.0,0.0,0.0,0.0,0.0,0.0,0.0,0.0
KXSBADS-25-AP,Culture,22034,367.21666666666664,5.071435054915131,0.08549600142590892,20.031042933648,441364,0.012181737588851676,8.01731594741411,0.07304304395205231,-10.929498560087888,1.0,6.035101067101527,0.263255172261911,1,90.62812017790687,3.2994463102477987,4.030135245529636,1.3524552963601706,0.6898429699555233,7.0,3.0,2.0,2.0,0.0,0.0,0.0,0.0,0.0,0.0,0.0,0.0
KXSBADS-25-SF,Culture,75158,1252.6166666666666,8.374916841853162,0.26136325983400277,13.312741158625828,1000559,0.014649712875974797,12.577691970910285,0.020623303348059827,-28.47136997848969,1.0,4.539922416384582,0.12736116688967888,1,96.34769419090449,1.222757391096091,0.4271002421565236,0.8555310146624445,1.1469171611804465,17.0,4.0,3.0,1.0,0.0,0.0,0.0,0.0,0.0,0.0,0.0,0.0
KXRTCAPTAINAMERICA-60,Culture,44632,743.85,4.682133894963255,0.3212888684739375,5.85745653342893,261430,0.003849469393871332,1.9163043135739746,0.013199766931110215,-8.416766303555626,1.0,7.195390702147155,0.0702552214900576,1,98.18739917547947,0.7729879906793332,0.19268686144470337,0.6049471231403477,0.2419788492561391,7.0,5.0,4.0,1.0,0.0,0.0,0.0,0.0,0.0,0.0,0.0,0.0
KXSUPERBOWLHEADLINE-26-ADE,Culture,23150,385.81666666666666,4.572872570194384,0.5621089539528815,16.406868250539958,379819,0.018954560564804736,8.515699372480755,0.018180639585133967,2.7563973175264818,1.0,9.753405220678284,0.13697499278259817,1,95.98704103671706,1.5809935205183585,0.4622030237580993,1.1533477321814254,0.816414686825054,4.0,3.0,4.0,4.0,0.0,0.0,0.0,0.0,0.0,0.0,0.0,0.0
