contract_id,category,avg_spread,avg_spread_pct,avg_volume,volatility,liquidity_score,depth_resilience,surge_count,spread_p10,spread_p25,spread_p50,spread_p75,spread_p90,spread_collapse_slope,shock_count,median_recovery_minutes,mean_recovery_minutes,recovery_rate,volume_surge_count,volatility_surge_count
KXNFLGAME-25OCT09PHINYG-NYG,Sports,3.8396481055683296,0.12769714741628224,1987.5337398780366,0.005707984633190407,-2.216228467031403e-16,0.46716670851117253,754,1.0,1.0,1.0,1.0,4.0,-1.312772778767686,4,,,0.0,377,377
KXNCAAFGAME-25NOV01CINUTAH-CIN,Sports,20.92209899918853,0.4426124651173513,292.0847083220629,0.003451811663224961,5.1251842810213704e-17,0.5178301827936864,634,1.0,1.0,5.0,50.0,53.0,-4.953700700613482,14,,,0.0,454,180
KXNCAAFGAME-25NOV01OKLATENN-TENN,Sports,18.120446400217755,0.3647345683143452,303.5761466225105,0.0019557585850151025,4.1260023670685853e-17,0.508458016593361,631,1.0,2.0,4.0,31.0,53.0,-4.7236962939080165,10,,,0.0,463,168
KXMLBGAME-25OCT09MILCHC-MIL,Sports,1.6408237431859478,0.07268988802776578,3810.8909751665656,0.018519664377423195,1.5493360682836831e-16,0.5176129426129427,174,1.0,1.0,1.0,2.0,3.0,-0.35475502487716065,11,4.0,5.777777777777778,0.8181818181818182,89,85
KXNFLGAME-25SEP28GBDAL-DAL,Sports,8.570348234433128,0.21087476144341225,2251.5616881136793,0.0057843889230885055,-3.7429486370237636e-17,0.5385897833617703,872,1.0,1.0,1.0,2.0,16.0,-2.5039599654853784,3,,,0.0,507,365
KXNCAAFGAME-25NOV07TULNMEM-TULN,Sports,5.288519499497671,0.1441156501223848,566.0730660334277,0.0019143447475190815,1.5574961784859262e-17,0.5230611929079896,346,1.0,1.0,2.0,3.0,14.0,-2.775120460783337,2,,,0.0,232,114
KXNFLGAME-25OCT02SFLA-LA,Sports,1.781986143187067,0.029467521700600664,3687.5057736720555,0.0042523743635291865,1.8789178578413734e-16,0.5121456546064901,724,1.0,1.0,1.0,1.0,2.0,-0.5130891227273763,8,6.0,7.75,0.5,373,351
KXATPMATCH-25NOV04CAZNOR-NOR,Sports,8.304321363359708,0.15151980523318911,631.7790626902008,0.013751637081736483,-2.5948000088622037e-17,0.5250675447483958,105,1.0,1.0,1.0,1.0,57.0,-2.242958414398229,2,,,0.0,61,44
KXNFLGAME-25OCT09PHINYG-PHI,Sports,4.589423173048085,0.07553725332062355,2607.420173947816,0.0034831948715772407,2.6708394346275886e-16,0.5177692234578463,698,1.0,1.0,1.0,1.0,5.0,-1.6033341268093284,8,23.0,23.0,0.125,375,323
KXATPMATCH-25NOV08DJOMUS-DJO,Sports,2.5125925925925925,0.03963392819797284,750.062962962963,0.0123320448397087,1.3684526762787116e-16,0.5160533043345544,136,1.0,1.0,1.0,2.0,2.0,0.011691159804863419,12,3.0,4.9,0.8333333333333334,68,68
KXNBAGAME-25OCT31LALMEM-LAL,Sports,4.042765084944347,0.10227470323024629,1764.2390158172232,0.008266035687670108,1.1655065378607384e-16,0.5325721129292558,326,1.0,1.0,2.0,4.0,11.0,-2.4535177631217207,6,1.0,1.0,0.16666666666666666,178,148
KXNBAGAME-25NOV05PHICLE-PHI,Sports,4.812350119904076,0.17122642556215972,1380.4868105515588,0.014150864533541849,-6.815757657171224e-17,0.549529271897693,273,1.0,1.0,3.0,6.0,11.0,-2.805565441058721,2,,,0.0,142,131
KXMLBGAME-25OCT08PHILAD-PHI,Sports,15.63409300184162,0.3174211036343634,718.236302946593,0.0039219988514719115,-2.6171003158751386e-17,0.5423067149482244,411,1.0,2.0,7.0,31.0,41.0,-4.462725519368298,5,,,0.0,209,202
KXMLBGAME-25OCT08SEADET-SEA,Sports,3.237027546444587,0.09785999214897131,4007.568866111467,0.017768766532006867,1.8207373113647665e-17,0.5196514837819185,178,1.0,1.0,2.0,3.0,8.0,-1.933453564020345,2,,,0.0,89,89
KXMLBGAME-25OCT08PHILAD-LAD,Sports,13.914594843462247,0.273050620485209,815.6177486187845,0.005138782800824349,8.505576026594202e-17,0.5492228504628305,433,1.0,1.0,6.0,30.0,39.0,-3.867835942171049,10,,,0.0,248,185
KXNFLGAME-25OCT19ATLSF-ATL,Sports,3.149271101310793,0.07413996354244752,976.5674384417493,0.00223866338075049,-6.963545125665566e-18,0.526962676962677,678,1.0,1.0,1.0,3.0,4.0,-2.06573468457065,8,,,0.0,467,211
KXNCAAFGAME-25NOV01GTNCST-GT,Sports,18.024712669786034,0.2839898328139246,312.4271566801435,0.0019255614904677284,3.6151722348217514e-17,0.5352188211017345,703,1.0,1.0,3.0,39.0,51.0,-4.982250596215087,16,,,0.0,492,211
KXMLBGAME-25OCT29TORLAD-TOR,Sports,12.048627925746569,0.27811317818619685,1432.112389023406,0.006155457474240602,9.175693117160293e-17,0.5634404105995015,313,1.0,2.0,2.0,23.0,39.0,-4.348169517428677,6,,,0.0,181,132
KXNFLGAME-25NOV10PHIGB-GB,Sports,1.7074517019319226,0.03129216889950139,1112.7981995005914,0.0025442291402968196,-1.7555793707832674e-16,0.5300751879699248,796,1.0,1.0,1.0,2.0,3.0,-1.170420867598602,7,1.0,1.0,0.14285714285714285,485,311
KXMLBGAME-25OCT08TORNYY-NYY,Sports,1.5674157303370786,0.05210044042921692,5463.4775280898875,0.026892594520102515,2.366574922475454e-16,0.5272025057402415,144,1.0,1.0,1.0,2.0,2.0,-0.20670503520874237,14,3.0,5.916666666666667,0.8571428571428571,84,60
KXNBAGAME-25NOV10ATLLAC-ATL,Sports,4.271109855972889,0.11365039562548407,1862.1214346229879,0.0070514582931401545,-6.421171291816777e-17,0.5419434302987477,254,1.0,1.0,1.0,4.0,10.0,-2.317158672220746,2,,,0.0,156,98
KXNFLGAME-25OCT06KCJAC-KC,Sports,2.4947580365201696,0.04094607274988401,2078.3652711240716,0.0028347781427130584,-4.3413011696791514e-17,0.49385411890570063,1016,1.0,1.0,1.0,2.0,4.0,-1.4156933238315264,6,2.0,2.6666666666666665,0.5,651,365
KXNBAGAME-25NOV03MIALAC-MIA,Sports,8.770671276289255,0.20670927825647817,1678.6799193316047,0.008168147854040572,-1.392016883655627e-16,0.5339679705215419,223,1.0,1.0,3.0,9.0,35.0,-3.85172182450923,11,,,0.0,146,77
KXNBAGAME-25NOV03LALPOR-LAL,Sports,11.805870386515547,0.2295592812019742,2001.326649229875,0.011346416387872938,-4.9558342511602456e-17,0.5583399823498834,249,1.0,1.0,3.0,23.0,41.0,-4.458096237965742,2,,,0.0,136,113
KXNFLGAME-25NOV02KCBUF-KC,Sports,3.2600669386047483,0.06211100469544632,976.4711850224871,0.00220849625445409,-2.7943109365735557e-16,0.509060690943044,851,1.0,1.0,2.0,4.0,8.0,-2.25602453753351,4,,,0.0,502,349
KXNCAAFGAME-25NOV08BYUTTU-BYU,Sports,4.923089911355002,0.16310288554382807,756.7824398480371,0.007766141584505098,9.597875704653105e-18,0.5251821234823043,886,1.0,1.0,1.0,4.0,16.0,-2.755682709493174,14,,,0.0,530,356
KXNFLGAME-25SEP28LACNYG-LAC,Sports,7.860643377733099,0.14848435570644777,1240.9616737873837,0.001944488163706066,-1.2142977137895655e-16,0.528579679396511,842,1.0,1.0,1.0,2.0,4.0,-2.2630403661112837,3,,,0.0,512,330
KXATPMATCH-25OCT31MEDZVE-ZVE,Sports,4.557799442896936,0.11680679164339992,788.7221448467967,0.019351454346651017,1.7813049085907806e-16,0.5397232851473923,107,1.0,1.0,1.0,2.0,22.0,-2.3470294339916227,3,,,0.0,61,46
KXMLBGAME-25OCT25LADTOR-LAD,Sports,6.555350815024805,0.13166615589865313,892.0840538625089,0.004773505921390309,1.7725800353476631e-16,0.5364917786760437,472,1.0,2.0,3.0,5.0,7.0,-1.2039860222575114,2,,,0.0,289,183
KXNFLGAME-25OCT05TBSEA-TB,Sports,2.033050047214353,0.05044592930453422,1323.1573024866227,0.0031769481736009797,3.2205903037284996e-16,0.5293187600243349,837,1.0,1.0,1.0,1.0,4.0,-1.4266012881149113,12,2.0,4.222222222222222,0.75,527,310
KXNCAAFGAME-25NOV08INDPSU-IND,Sports,5.1165499198244575,0.06803649242109659,1067.7252088783864,0.0013553534651572152,-2.398658910490675e-18,0.5611630198781593,541,1.0,1.0,1.0,7.0,13.0,-3.0471507542929985,30,,,0.0,375,166
KXNBAGAME-25NOV02MIALAL-LAL,Sports,10.153103044496486,0.1796718261062856,1478.199355971897,0.003320981168139931,-1.7472362354756564e-16,0.5482104534440982,211,1.0,1.0,2.0,7.0,54.0,-4.157313036918869,2,,,0.0,121,90
KXMLBGAME-25OCT08TORNYY-TOR,Sports,1.6581059390048154,0.0414665099062147,5670.650080256822,0.010800793988303482,-1.7107770523918946e-16,0.5506076726785174,116,1.0,1.0,1.0,2.0,2.0,-0.5113665468805277,11,2.5,2.875,0.7272727272727273,73,43
KXMLBGAME-25OCT06LADPHI-LAD,Sports,5.1465327894571695,0.09332130556971788,992.6192343897081,0.003116262574407303,-8.02621226462617e-17,0.5661327268034585,377,1.0,2.0,4.0,5.0,5.0,-1.7697950468095107,7,1.5,3.25,0.5714285714285714,223,154
KXNFLGAME-25OCT06KCJAC-JAC,Sports,2.796361869055058,0.07067709994360907,2019.5378740540166,0.0039892027950012374,7.103947368565884e-17,0.5013756117414654,930,1.0,1.0,1.0,2.0,3.0,-1.3674413438096034,8,4.0,3.2,0.625,530,400
KXMLBGAME-25OCT28TORLAD-LAD,Sports,14.17485523776101,0.27453894409734636,787.880505351816,0.004216808159860575,-1.9948558996598708e-17,0.5228887687904081,362,1.0,5.0,10.0,13.0,41.0,-3.2556292525331596,3,,,0.0,187,175
KXATPMATCH-25NOV11ALCFRI-ALC,Sports,3.007713884992987,0.04534530655925754,2210.2980364656382,0.011557620302179508,-2.1176764565080124e-17,0.5275165860615079,168,1.0,1.0,1.0,1.0,2.0,-0.0755007820078944,17,6.0,9.666666666666666,0.8823529411764706,82,86
KXATPMATCH-25NOV10SINAUG-AUG,Sports,1.2294968986905583,0.17338868664803805,1102.5968297725706,0.023527978144954848,-9.7938350897326e-17,0.5399019607843137,172,1.0,1.0,1.0,1.0,2.0,-0.2953862702752744,2,30.0,30.0,0.5,81,91
KXNFLGAME-25SEP29NYJMIA-NYJ,Sports,8.324399052025731,0.17474831118666873,905.4323439792348,0.00394225564394196,-1.8603533991236116e-16,0.504344694498804,891,1.0,1.0,1.0,3.0,4.0,-2.5488749947783393,3,,,0.0,561,330
KXMLBGAME-25OCT27TORLAD-TOR,Sports,12.173524501620347,0.3018849709142058,1245.1938524992636,0.006798963537234915,-3.349312709072455e-17,0.526372978728673,444,1.0,2.0,5.0,10.0,40.0,-4.06354977206127,3,,,0.0,218,226
KXNFLGAME-25OCT26GBPIT-GB,Sports,3.3874522149763884,0.05914830909250361,1084.705869125253,0.0014787509545653112,-2.556483870510817e-17,0.5405965489298823,783,1.0,1.0,1.0,3.0,4.0,-2.038579889265806,10,1.0,1.0,0.1,490,293
KXNBAGAME-25OCT31BOSPHI-PHI,Sports,6.045936395759718,0.1243302214355018,2300.1166077738517,0.014156109817612365,-7.532255149400355e-17,0.5484604757035738,318,1.0,1.0,1.0,5.0,23.0,-3.0504939464222587,14,,,0.0,149,169
KXNBAGAME-25OCT31BOSPHI-BOS,Sports,4.504416961130742,0.1045440168242966,1272.4090106007068,0.009520491475458965,-6.695337910578093e-17,0.532857781182178,323,1.0,1.0,1.0,3.0,13.0,-2.494218336861021,4,,,0.0,153,170
KXNCAAFGAME-25NOV07TULNMEM-MEM,Sports,7.445246141200109,0.12167694610244893,753.3715407799799,0.004434808180947212,-4.153323142629136e-17,0.5181332819586169,419,1.0,1.0,2.0,3.0,26.0,-3.3155649096902944,10,,,0.0,311,108
KXNBAGAME-25NOV05SASLAL-LAL,Sports,9.296340374888427,0.18996518503616688,2815.9172865218684,0.009033187886679441,6.342243996668552e-17,0.5532519182334681,301,1.0,1.0,3.0,17.0,23.0,-4.096977287159594,2,,,0.0,162,139
KXNBAGAME-25OCT30GSWMIL-GSW,Sports,11.282898550724637,0.2221972815898981,1510.4823188405796,0.010705315708984975,-8.238176646493915e-18,0.548882436443412,314,1.0,1.0,4.0,24.0,28.0,-4.396335991499622,4,,,0.0,155,159
KXMLBGAME-25OCT07SEADET-DET,Sports,12.65623245367771,0.27066323835183076,882.5641493542953,0.006337745997855412,-5.585400505694219e-17,0.5752198870474956,342,1.0,1.0,3.0,10.0,44.0,-2.986173425206225,4,,,0.0,187,155
KXNBAGAME-25NOV08PHXLAC-PHX,Sports,11.555367231638417,0.26889750195366724,1429.277966101695,0.009224901434494268,-8.028731477515257e-18,0.5896970240394342,244,1.0,1.0,2.0,10.0,50.09999999999991,-4.186568282636351,10,,,0.0,138,106
KXNCAAFGAME-25NOV01OKLATENN-OKLA,Sports,16.87987116091276,0.32921610866458256,286.77004037562943,0.0022506897139348454,-6.704753846486451e-17,0.5274703647416413,584,1.0,2.0,5.0,33.0,53.0,-4.633743970161551,23,,,0.0,380,204
KXNBAGAME-25NOV02MIALAL-MIA,Sports,9.708138173302109,0.21530098731610325,1211.780737704918,0.01110531488619311,-4.992103529930446e-17,0.5660533910533911,234,1.0,1.0,3.0,8.0,43.0,-4.103088645209165,2,,,0.0,121,113
KXNFLGAME-25OCT02SFLA-SF,Sports,1.5695150115473442,0.04725590862050647,3798.2341801385683,0.00818043258252412,-1.5589274803050696e-17,0.5043419882320744,683,1.0,1.0,1.0,1.0,2.0,-0.31238687482456845,14,1.0,3.1818181818181817,0.7857142857142857,361,322
KXNCAAFGAME-25NOV08AUBVAN-VAN,Sports,7.634990092470278,0.1238332626819377,642.3300033025099,0.0016904237602406562,-4.223833964227808e-17,0.5314061025870201,460,1.0,1.0,2.0,6.0,25.0,-3.5043950991204444,54,,,0.0,354,106
KXNBAGAME-25OCT29LALMIN-MIN,Sports,10.435882177923236,0.19893573940693973,1368.7414459982149,0.011587230674790203,-1.1416039194003396e-16,0.5521157509157509,250,1.0,1.0,2.0,17.0,33.0,-4.33725434635199,3,,,0.0,132,118
KXMLBGAME-25OCT01BOSNYY-NYY,Sports,2.0066037735849056,0.033492473016762364,2087.7814465408806,0.007025148790414727,-3.575057789987925e-17,0.5299890729238556,236,1.0,1.0,1.0,3.0,5.0,-0.8707927357802266,11,11.5,12.0,0.36363636363636365,139,97
KXATPMATCH-25NOV07NORSON-NOR,Sports,4.198960653303637,0.0724563459438266,722.5931700074239,0.010184056870793653,3.8507512776902235e-16,0.5271027003098716,126,1.0,1.0,1.0,1.0,2.0,-0.9694570214169653,7,1.0,1.4,0.7142857142857143,72,54
KXMLBGAME-25OCT31LADTOR-LAD,Sports,3.2657668140563185,0.056129920977420096,2306.005818012567,0.0046132118858182485,-6.6143145055629525e-18,0.5543942935047229,423,1.0,1.0,1.0,3.0,11.0,-2.372598760861226,11,,,0.0,217,206
KXNCAAFGAME-25NOV01UGAFLA-FLA,Sports,14.039067162466143,0.3998413927596478,282.0877748703117,0.0029791475831293063,-1.0438124934271316e-17,0.5262835008978385,620,1.0,1.0,3.0,21.0,43.0,-4.656005579455499,25,,,0.0,406,214
KXNBAGAME-25OCT28LACGSW-GSW,Sports,7.706053550640279,0.15354816060266877,2412.682770663562,0.006027979568204726,4.963045884238185e-17,0.5285951944880517,298,1.0,1.0,6.0,11.0,16.0,-3.6482692834285904,10,23.0,22.75,0.4,160,138
KXNBAGAME-25NOV10ATLLAC-LAC,Sports,9.809658288619033,0.16817602726697306,1679.8785653770121,0.00817252122504741,7.223817703293874e-17,0.5860959264658244,191,1.0,1.0,4.0,9.0,29.0,-3.9493055135225204,2,,,0.0,105,86
KXNCAAFGAME-25NOV08OREIOWA-ORE,Sports,5.649464863519456,0.0878237600956535,523.3489587654526,0.00122518920159653,-4.716122032755995e-18,0.5351892441693885,568,1.0,1.0,2.0,6.0,19.0,-2.7645032255002255,2,,,0.0,430,138
KXNFLGAME-25NOV03ARIDAL-DAL,Sports,7.532945363601385,0.14001182010231128,1322.0255867641401,0.0018684051912828755,-1.257597762407257e-16,0.5149127313442666,860,1.0,1.0,2.0,4.0,46.0,-3.1097606065005707,70,6.0,7.0,0.05714285714285714,611,249
KXATPMATCH-25NOV11ALCFRI-FRI,Sports,2.1157082748948106,0.08817319838819856,1284.0792426367461,0.027219824219703443,-3.4879376930720205e-17,0.5335564289511657,181,1.0,1.0,1.0,2.0,2.0,0.08582548492483212,23,5.5,7.045454545454546,0.9565217391304348,81,100
KXNBAGAME-25OCT28LACGSW-LAC,Sports,8.435389988358557,0.19272644457628046,1421.7657159487776,0.00964548798454333,-1.6543486280793952e-16,0.5633923001515017,273,1.0,1.0,4.0,13.0,20.0,-3.742040399010762,8,,,0.0,127,146
KXNFLGAME-25OCT05NEBUF-BUF,Sports,2.7558381502890175,0.041014700385288164,2124.9919075144508,0.0016064370360735906,4.3809956732800015e-18,0.5469529348317227,763,1.0,1.0,1.0,2.0,4.0,-1.5725844250299832,4,,,0.0,522,241
KXATPMATCH-25NOV10MUSFRI-FRI,Sports,1.2573705179282868,0.018527257130608696,845.4557768924303,0.003465239973110815,6.227864616223986e-17,0.5277214105339105,111,1.0,1.0,1.0,1.0,1.0,0.26310888064348575,17,2.0,2.8125,0.9411764705882353,66,45
KXNBAGAME-25OCT31DENPOR-POR,Sports,3.144961016459717,0.09354485616638182,1196.3678891134855,0.011581598133650882,9.848700928814556e-17,0.5538603354467376,242,1.0,1.0,1.0,3.0,8.0,-2.193926591011746,3,,,0.0,140,102
KXMLBGAME-25OCT04LADPHI-LAD,Sports,1.3006239364719228,0.028663639751104857,1741.3650028360748,0.007325050652120175,-1.148636867224212e-16,0.5246991254763276,323,1.0,1.0,1.0,1.0,2.0,-0.07739112967349118,14,2.0,3.5454545454545454,0.7857142857142857,175,148
KXATPMATCH-25NOV11MUSDE-MUS,Sports,1.2487623762376239,0.04553213156022609,2109.012376237624,0.021496760263835502,-1.7587691479210401e-16,0.5294883786848072,172,1.0,1.0,1.0,1.0,1.0,0.08446080987364088,15,2.0,3.8461538461538463,0.8666666666666667,92,80
KXATPMATCH-25NOV11MUSDE-DE,Sports,1.3669554455445545,0.022534187338021733,2314.8601485148515,0.00918356868217787,1.75876914792104e-17,0.5319079839913173,170,1.0,1.0,1.0,1.0,2.0,-0.005473496475518284,16,2.5,2.7142857142857144,0.875,89,81
KXNFLGAME-25OCT20TBDET-TB,Sports,3.4725311953023543,0.09290442474729144,1746.758850431935,0.004121266420037446,-7.060895573021152e-17,0.5087242901855578,1066,1.0,1.0,1.0,3.0,4.0,-2.0789162600368907,16,,,0.0,642,424
KXMLBGAME-25OCT15TORSEA-SEA,Sports,4.297752808988764,0.10744033257352635,1225.5539325842697,0.005137475458413026,-1.277380199119281e-16,0.5225683750559371,374,1.0,1.0,2.0,8.0,9.0,-2.929252753348678,3,1.0,1.0,0.3333333333333333,201,173
KXATPMATCH-25NOV09ALCDE-ALC,Sports,1.3200354609929077,0.017144586217136916,870.6507092198582,0.004057765172796847,8.818792819717556e-17,0.5167189132706373,126,1.0,1.0,1.0,1.0,2.0,0.37512512302407197,21,2.0,3.1,0.9523809523809523,68,58
KXMLBGAME-25OCT15TORSEA-TOR,Sports,5.254253611556982,0.10730524380749287,1163.4780096308186,0.0032288602216524217,-1.3686216419135156e-17,0.5295456193791703,345,1.0,1.0,4.0,9.0,10.0,-3.15803203394328,3,1.0,1.0,0.3333333333333333,171,174
KXNBAGAME-25OCT30GSWMIL-MIL,Sports,5.299710144927536,0.12306982069806924,1208.2675362318842,0.012401126500256775,-1.647635329298783e-17,0.5512955262955263,292,1.0,1.0,3.0,8.0,11.0,-2.757805405584254,7,7.5,7.5,0.2857142857142857,144,148
KXNFLGAME-25OCT26GBPIT-PIT,Sports,3.436923768832921,0.07895110953743777,948.7077243085226,0.0019194521617736026,1.661714515832031e-16,0.5310814434890464,748,1.0,1.0,1.0,3.0,4.0,-1.8531211537216794,8,1.0,1.0,0.125,539,209
KXNBAGAME-25NOV04OKCLAC-OKC,Sports,9.932663910218547,0.15741560404372895,1674.2926757235675,0.007102536997457228,-5.0363336261790916e-17,0.5641430232151597,317,1.0,1.0,3.0,9.0,32.0,-4.115365097216676,3,,,0.0,159,158
KXMLBGAME-25OCT01BOSNYY-BOS,Sports,2.756918238993711,0.07127099435740683,2262.519182389937,0.012769554489462522,-9.831408922466795e-17,0.5311484031363549,234,1.0,1.0,1.0,5.0,5.0,-1.9525574053963888,12,14.0,13.818181818181818,0.9166666666666666,125,109
KXNBAGAME-25OCT31DENPOR-DEN,Sports,6.291943401674849,0.10962048230232746,1264.1911637308692,0.004041550799729368,-4.9243504644072786e-17,0.5533499446290144,234,1.0,1.0,1.0,3.0,25.0,-3.059293184353823,4,,,0.0,146,88
KXMLBGAME-25OCT07TORNYY-NYY,Sports,14.605343300110741,0.2782469817954534,1223.7148394241417,0.0044952843172062565,-1.1803035477742526e-16,0.5466055605963863,356,1.0,2.0,8.5,32.0,39.0,-4.08993120387417,5,,,0.0,200,156
KXNBAGAME-25NOV04OKCLAC-LAC,Sports,10.92764323685765,0.2665390418971037,1717.8044890726521,0.0121182509520822,8.393889376965153e-18,0.5582144272691241,269,1.0,1.0,2.0,11.0,43.0,-4.190416415704466,3,,,0.0,145,124
KXNBAGAME-25OCT29LALMIN-LAL,Sports,7.546265992264207,0.18552691076476333,1793.0389764950908,0.011145461269931945,-8.456325328891404e-18,0.5683632948900125,286,1.0,1.0,2.0,12.0,20.0,-3.883437654884007,4,,,0.0,158,128
KXNBAGAME-25NOV05SASLAL-SAS,Sports,8.356144004760488,0.17030811106433477,1988.4763463254983,0.014346799184564045,7.610692796002264e-17,0.5687191414697842,286,1.0,1.0,3.0,12.0,21.0,-3.8664387735088326,2,,,0.0,147,139
KXMLBGAME-25OCT24LADTOR-LAD,Sports,1.3123674911660776,0.04025710016496619,1950.2049469964663,0.005320862885075248,2.0839239246674316e-16,0.5160117830363229,518,1.0,1.0,1.0,1.0,2.0,-0.18168018622140056,18,1.5,2.125,0.8888888888888888,302,216
KXNFLGAME-25NOV09PITLAC-PIT,Sports,1.7882173692229557,0.05055652498271119,1271.2517594137705,0.0020281604429286154,-6.598670113712023e-17,0.5243253354922598,642,1.0,1.0,1.0,2.0,3.0,-1.2812763815355195,4,,,0.0,478,164
KXMLBGAME-25OCT14LADMIL-LAD,Sports,7.891553133514987,0.146564036443289,1677.0735694822888,0.004788953882231748,7.744334994660493e-18,0.5191457935328663,249,1.0,1.0,9.0,11.0,12.0,-3.2745099400088855,3,,,0.0,139,110
KXNBAGAME-25OCT29CLEBOS-CLE,Sports,9.219072925893121,0.16889472241928496,1407.6486566282847,0.011221039032370239,1.1747975554344735e-16,0.5267470685819855,286,1.0,1.0,3.0,14.0,32.0,-4.0709189929805305,8,,,0.0,151,135
KXMLBGAME-25SEP30BOSNYY-NYY,Sports,3.4545454545454546,0.09299479097451706,2521.621802439984,0.00794878735933579,1.4540819464590796e-16,0.5332363599244628,179,1.0,1.0,1.0,1.0,14.0,-1.4160231011718194,3,10.0,10.0,0.3333333333333333,128,51
KXNFLGAME-25OCT12DETKC-DET,Sports,3.1953758032970105,0.06294378892070379,1601.1902067616652,0.0030907117849254496,-7.941243204918695e-18,0.5134269727075482,1007,1.0,1.0,1.0,2.0,3.0,-1.4752710754192149,17,11.0,11.6,0.5882352941176471,608,399
KXNFLGAME-25OCT19ATLSF-SF,Sports,3.1327330638245745,0.057505121435186504,989.6217077055004,0.000958813357476678,-2.7854180502662266e-17,0.5067529502461009,643,1.0,1.0,1.0,3.0,4.0,-2.0701865605143825,7,,,0.0,462,181
KXNFLGAME-25OCT05NEBUF-NE,Sports,1.8486319845857417,0.09345378177823317,1864.629055876686,0.005647694508719819,6.133393942592002e-17,0.5694931874483897,868,1.0,1.0,1.0,2.0,4.0,-1.393580813535239,5,,,0.0,506,362
KXNBAGAME-25NOV02SASPHX-SAS,Sports,5.259343794579173,0.09392763343392337,1282.4356633380885,0.007752128590691939,-2.43267127792331e-17,0.5485094272960722,265,1.0,1.0,4.0,7.0,10.0,-3.1327140000876925,19,,,0.0,153,112
KXATPMATCH-25NOV10SINAUG-SIN,Sports,1.2033080634045485,0.013780462415202603,871.4527911784976,0.001564671925581374,-2.252582070638498e-16,0.5189873417721519,130,1.0,1.0,1.0,1.0,1.0,-0.1562994588136502,3,25.0,25.0,0.3333333333333333,73,57
KXMLBGAME-25OCT29TORLAD-LAD,Sports,10.788337368845843,0.21132413035903974,1549.0104923325262,0.008410322930858836,-6.308289018047701e-17,0.5514178033022255,344,1.0,2.0,3.0,15.0,38.0,-4.1769323066419375,6,,,0.0,181,163
KXNFLGAME-25OCT12CINGB-CIN,Sports,2.8901746414880023,0.1542117858178746,1168.469828198211,0.008846367679906774,1.53347289273797e-16,0.5094039731081015,962,1.0,1.0,1.0,2.0,3.0,-1.365036800541435,7,9.0,10.666666666666666,0.42857142857142855,604,358
KXNFLGAME-25OCT13BUFATL-BUF,Sports,2.903698045955063,0.043467563617380384,1686.8619438609892,0.0029106306471653126,2.8582713321900794e-16,0.5210031376891842,950,1.0,1.0,1.0,3.0,4.0,-1.8477713280908292,5,,,0.0,617,333
KXNFLGAME-25OCT16PITCIN-CIN,Sports,3.731063758947894,0.09141605829628716,1754.73847178292,0.004463300647201284,-7.097147352356586e-17,0.5380609966602875,720,1.0,1.0,1.0,1.0,5.0,-1.714387942660857,10,30.0,30.0,0.1,357,363
KXATPMATCH-25NOV07KORMUS-MUS,Sports,4.148899188876014,0.07127587625796682,575.391077636153,0.007351973039409303,2.4700210976596762e-17,0.6106143552311436,115,1.0,1.0,1.0,1.0,3.0,-1.159441001553388,8,2.0,1.8,0.625,82,33
KXNCAAFGAME-25NOV01UGAFLA-UGA,Sports,16.471698113207548,0.2701076552030668,483.3079006564752,0.00138070235587815,3.131437480281395e-17,0.49780300194576793,767,1.0,1.0,2.0,23.0,65.0,-4.62322547431559,9,,,0.0,544,223
KXNBAGAME-25OCT29MEMPHX-MEM,Sports,14.720496894409937,0.26813564882594393,1430.4640638864241,0.008553062305394923,-7.565672430453595e-17,0.5546949669547534,194,1.0,1.0,4.0,34.0,48.0,-4.9956093450629515,3,,,0.0,109,85
KXMLBGAME-25OCT28TORLAD-TOR,Sports,16.787945253553254,0.4239212093078191,593.7259168275136,0.004383464752270739,2.4935698745748375e-17,0.5385110301343585,343,2.0,5.0,10.0,21.0,48.0,-3.556717562071736,5,,,0.0,183,160
KXNCAAFGAME-25NOV01VANTEX-VAN,Sports,15.567539995362857,0.3159755508951713,358.54875956410854,0.004037122813698685,0.0,0.5343737219793984,965,1.0,1.0,2.0,18.0,53.0,-4.406152006315592,48,,,0.0,565,400
KXMLBGAME-25OCT27TORLAD-LAD,Sports,9.973681626239811,0.17816297110194376,1510.3303545124227,0.004303600556568427,3.349312709072455e-17,0.5267993321785361,451,1.0,2.0,6.0,11.0,23.0,-3.7595778695790063,3,,,0.0,225,226
KXMLBGAME-25OCT09PHILAD-LAD,Sports,1.6736401673640167,0.03238339368123224,9698.31380753138,0.017622214973149027,2.7747833474592474e-16,0.49630514413123117,90,1.0,1.0,1.0,1.0,2.0,0.28490697708423696,15,1.0,2.642857142857143,0.9333333333333333,47,43
KXNBAGAME-25NOV05GSWSAC-GSW,Sports,10.509903961584634,0.2062813205633959,1375.0189075630253,0.008859717711788595,-4.2649623995204094e-17,0.562830486804651,287,1.0,1.0,3.0,15.0,31.0,-4.148972708970646,2,,,0.0,145,142
KXMLBGAME-25OCT07TORNYY-TOR,Sports,15.478682170542635,0.303211628690539,1553.7574750830565,0.005929149209827472,1.258990450959203e-16,0.5345854149219825,339,1.0,1.0,8.0,27.0,38.0,-4.50040229182702,11,,,0.0,184,155
KXNFLGAME-25SEP28GBDAL-GB,Sports,7.73212978775311,0.14518024644546737,1919.480970968529,0.002285246186004303,3.201472591136704e-17,0.5470458553791887,909,1.0,1.0,1.0,2.0,5.0,-2.4704328200112498,3,,,0.0,564,345
KXATPMATCH-25OCT28ALCNOR-NOR,Sports,4.912215758857747,0.2508232055648615,560.0941300898995,0.024777186464250162,1.1272491841778428e-16,0.5357219662058372,96,1.0,1.0,1.0,2.0,2.0,-1.1300200645851042,3,6.0,6.0,0.3333333333333333,57,39
KXNFLGAME-25OCT13CHIWAS-CHI,Sports,2.96479989852223,0.06961781591838308,1083.179361958521,0.0035325930310812007,6.849907771645539e-17,0.49530715601157593,935,1.0,1.0,1.0,2.0,3.0,-1.6047665030873994,8,4.5,4.5,0.25,609,326
KXNFLGAME-25NOV10PHIGB-PHI,Sports,1.5691286634248915,0.03478140890111639,1601.6816927322907,0.001984901406320322,3.735275256985676e-18,0.5281276146822366,1071,1.0,1.0,1.0,2.0,2.0,-0.8471170706673739,6,2.0,2.0,0.16666666666666666,697,374
KXATPMATCH-25OCT31MEDZVE-MED,Sports,4.185236768802229,0.07238535980053712,883.191504178273,0.014357679489509136,-1.6823435247801815e-16,0.5659465452847806,114,1.0,1.0,1.0,1.0,2.0,-1.234754032365891,2,,,0.0,66,48
KXNCAAFGAME-25NOV07HOUUCF-HOU,Sports,8.5532617671346,0.17714656174622795,901.6501513900358,0.003458626918275374,1.0430942079238098e-17,0.5128403844937709,563,1.0,1.0,2.0,13.0,34.0,-3.601219835918404,7,,,0.0,366,197
KXMLBGAME-25OCT08MILCHC-MIL,Sports,17.473802218550862,0.3438520636412235,1012.4524427661081,0.004434624817630287,1.3080560157962667e-16,0.5622537230380369,385,1.0,2.0,10.0,34.0,40.0,-4.345599909633636,8,,,0.0,226,159
KXMLBGAME-25OCT01CINLAD-LAD,Sports,2.6172362555720654,0.03883315396418674,2927.8838038632985,0.005079147800472156,1.2669409850105798e-16,0.5367583918813427,287,1.0,1.0,1.0,4.0,6.0,-1.6906628807621857,4,17.0,14.0,0.75,162,125
KXMLBGAME-25OCT31LADTOR-TOR,Sports,3.6681405631836164,0.09268416942174955,2007.2787991622063,0.010282068365167695,-1.9842943516688858e-17,0.5510497800164794,448,1.0,1.0,1.0,4.0,12.0,-2.584457030202134,15,,,0.0,211,237
KXNCAAFGAME-25NOV08INDPSU-PSU,Sports,4.393535319436239,0.20090259075779968,811.122879567896,0.0061146286874023195,-9.5946356419627e-18,0.5385556985556985,538,1.0,1.0,1.0,7.0,10.0,-2.7738833622627515,3,,,0.0,358,180
KXNFLGAME-25OCT19NYGDEN-NYG,Sports,2.6681154920832038,0.08769172687938848,1230.3086619062403,0.005041999518558396,1.4824114201514665e-16,0.5091453473789816,1037,1.0,1.0,1.0,2.0,3.0,-1.3013856367979324,11,6.0,6.0,0.09090909090909091,634,403
KXNBAGAME-25NOV03MIALAC-LAC,Sports,5.977816191299337,0.09618181218045502,1190.6856813598386,0.005388433564193395,-6.141250957304236e-17,0.6140602651316938,222,1.0,1.0,3.0,6.0,13.0,-3.197107076137276,4,,,0.0,120,102
KXNFLGAME-25OCT16PITCIN-PIT,Sports,3.6675821889305036,0.061720011871430974,1737.1304203079485,0.0035988351974426025,1.182759443628964e-16,0.49337719583957607,682,1.0,1.0,1.0,1.0,5.0,-1.5711478164344748,14,8.0,8.0,0.07142857142857142,369,313
KXNBAGAME-25NOV05OKCPOR-OKC,Sports,6.408492822966507,0.09869888444071218,2041.54754784689,0.006814384553723235,6.799452016843064e-17,0.5295249075802496,268,1.0,1.0,3.0,12.0,14.0,-3.3760341730124317,2,,,0.0,141,127
KXNBAGAME-25NOV04MILTOR-MIL,Sports,11.164730414060173,0.26128386800142217,1422.3100983020554,0.008326410647554568,5.926480965529581e-17,0.5417466627006661,250,1.0,1.0,3.0,23.0,39.0,-4.308977436445734,4,,,0.0,140,110
KXMAYORNYCPARTY-25-D,Politics,1.7005499727415714,0.01970476135846044,101.68090719392754,0.0005949267868707992,1.7809911267279238e-16,0.51761670156278,13882,1.0,1.0,1.0,2.0,3.0,-0.8715293635167987,15,3.0,5.2,0.3333333333333333,7018,6864
KXGOVSHUTLENGTH-26JAN01-38D,Politics,1.5670929830625648,0.02061552192858296,76.74815070860699,0.003085072999863678,-2.7508049224034298e-17,0.5205959956416902,1262,1.0,1.0,1.0,1.0,3.0,-0.030319106805820475,75,9.0,9.829787234042554,0.6266666666666667,603,659
KXMAYORNYCPARTY-25-R,Politics,2.0525759906856833,0.5289196190071301,23.88314898748389,0.0023764375038850117,4.3727525008314205e-17,0.5248468995441314,3452,1.0,1.0,1.0,3.0,4.0,-1.2421559174604462,17,,,0.0,2528,924
KXGOVSHUTLENGTH-26JAN01-35D,Politics,2.592783036039316,0.2322968517062811,35.07346650891882,0.004462436695344803,-9.053147343139245e-17,0.5109993381039801,5322,1.0,1.0,1.0,3.0,6.0,-1.752816132341313,9,7.0,7.0,0.2222222222222222,2445,2877
KXMAYORNYCPARTY-25-JWAL,Politics,1.0118766306660036,1.8430303786238769,9.067861335082963,0.0001178562140556341,-8.752078251626287e-16,0.5357142857142857,156,1.0,1.0,1.0,1.0,1.0,-0.006646143650090178,8,3.0,7.666666666666667,0.375,142,14
KXGOVSHUTLENGTH-26JAN01-39D,Politics,1.9995604671606177,0.02699467233198573,54.37598894888861,0.004018839285833686,3.56922132743991e-17,0.5211929643652332,1430,1.0,1.0,1.0,2.0,4.0,-0.14555386076598295,77,7.0,9.395348837209303,0.5584415584415584,668,762
KXDJTJOINTSESSION-25MAR04-A15,Politics,2.540536195184694,0.029752557957472454,8.614293178986294,0.0003250555188800396,1.5993566141149406e-16,0.5580089934394074,771,1.0,1.0,2.0,3.0,5.0,-1.3589306039779405,12,1.0,1.0,0.08333333333333333,456,315
KXGOVSHUTLENGTH-26JAN01-15D,Politics,1.2748254012302853,0.01895366459285971,56.802969335368395,0.004444680845628182,-2.7178152836298175e-16,0.5104331728425159,2176,1.0,1.0,1.0,1.0,2.0,0.06103309751947939,64,11.0,13.029411764705882,0.53125,1031,1145
KXDJTJOINTSESSION-25MAR04-C,Politics,1.8938462156839102,0.05090130238319896,20.358454921821618,0.0021812000804833954,1.3823010736279131e-16,0.5165667784868815,1693,1.0,1.0,1.0,2.0,3.0,-0.6055279173423971,61,7.0,11.181818181818182,0.5409836065573771,948,745
KXDJTJOINTSESSION-25MAR04-B,Politics,2.1909039752401624,0.03855299043887653,22.242996101129467,0.001260361844125503,-1.6907484206357944e-16,0.5216268371763854,1782,1.0,1.0,2.0,2.0,3.0,-0.4127493637312445,42,12.0,11.363636363636363,0.2619047619047619,991,791
KXMAYORNYCPARTY-25-AC,Politics,1.0428040787348103,0.14071226354973712,274.8090228116929,0.005149939875388153,-1.0276465673231984e-15,0.505516899082744,8084,1.0,1.0,1.0,1.0,1.0,-0.0751334236021214,362,4.0,6.80718954248366,0.8453038674033149,4501,3583
GOVPARTYNJ-25-D,Politics,1.7358754304561486,0.021548086821513872,12.380020603739412,0.00013307120196533388,-1.0011759749175475e-16,0.5254250729204593,4478,1.0,1.0,1.0,2.0,3.0,-0.7453672535321085,46,10.0,11.444444444444445,0.1956521739130435,2717,1761
GOVPARTYNJ-25-R,Politics,1.8449017645422117,0.11870045955233835,32.529518395009944,0.0008557099383828006,-2.1623250792777438e-16,0.5119499065610602,5469,1.0,1.0,2.0,2.0,3.0,-0.6721010521348708,133,2.0,7.466666666666667,0.11278195488721804,3304,2165
KXDJTJOINTSESSION-25MAR04-D,Politics,2.684131194983721,0.20368644340910427,27.551871055910606,0.0063291724541183255,-1.9192279369379288e-16,0.5404420783364672,1501,1.0,1.0,2.0,2.0,4.0,-0.9903176684066499,31,5.0,8.857142857142858,0.22580645161290322,850,651
KXGOVSHUTLENGTH-26JAN01-25D,Politics,1.4614375095376164,0.02637340209650525,39.843644132458415,0.004113995408533173,-2.5155793483342474e-17,0.5143074057061195,2609,1.0,1.0,1.0,1.0,3.0,-0.378922411324029,80,6.0,8.236363636363636,0.6875,1255,1354
KXMAYORNYCPARTY-25-EADA,Politics,1.2289242676743373,0.8833385397403979,31.629559464894463,0.002695882578155579,-4.10340328458806e-16,0.5111608104958063,3706,1.0,1.0,1.0,1.0,1.0,-0.12892739467895173,39,3.0,4.346153846153846,0.6666666666666666,2162,1544
KXDJTJOINTSESSION-25MAR04-AI,Politics,2.255195144499377,0.030278848732849566,9.856605972908879,0.0009077662672833609,2.3419150420968774e-17,0.5398732659386067,898,1.0,1.0,2.0,2.0,4.0,-0.7101492350448054,19,2.0,3.6470588235294117,0.8947368421052632,535,363
KXGOVSHUTLENGTH-26JAN01-30D,Politics,1.442259581707195,0.03167327260591402,44.84424096867807,0.005361917684262543,8.603589615428011e-17,0.5065830530424812,3683,1.0,1.0,1.0,1.0,3.0,-0.5311528268578418,192,7.0,10.295652173913043,0.5989583333333334,1692,1991
KXDJTJOINTSESSION-25MAR04-I,Politics,1.585391339294685,0.01702994327043103,25.185692755952978,0.00027166763936599554,-8.566776679514922e-17,0.5530213393116619,596,1.0,1.0,1.0,2.0,2.0,-0.7930968533893374,19,2.0,2.6875,0.8421052631578947,362,234
KXGOVSHUTLENGTH-26JAN01-10D,Politics,4.63103295347178,0.2124316156636574,26.596479049767648,0.0029574791878874576,-5.1515410162896527e-17,0.531511872249259,1734,1.0,1.0,4.0,7.0,10.0,-1.9337649601428044,27,7.5,10.5,0.5185185185185185,863,871
KXDJTJOINTSESSION-25MAR04-M3,Politics,4.2902447847582295,0.13949242045249316,10.630170022910889,0.0015340527665006745,1.8621080578623952e-16,0.5091787098864122,453,1.0,2.0,2.0,6.0,8.0,-1.7194377366003142,48,3.0,7.083333333333333,0.25,271,182
KXDJTJOINTSESSION-25MAR04-M,Politics,1.7178388479010278,0.020768220159131382,18.602951126002772,0.00026467728321249604,7.508554313261151e-17,0.570393480301706,451,1.0,1.0,1.0,2.0,3.0,-0.7578034941907195,13,1.0,2.0,0.38461538461538464,275,176
POPVOTEMOV-24-R-B-1.5,Politics,1.0766935176251486,0.010941688921115439,65.29050642852334,5.674603397464525e-05,-1.0036274646284989e-16,0.5032414910858996,411,1.0,1.0,1.0,1.0,1.0,-0.06579789019298578,0,,,1.0,305,106
KXDJTJOINTSESSION-25MAR04-UKRAINE,Politics,2.8197115384615383,0.0371161486455281,445.0793269230769,0.004379366003677192,1.3664283380001927e-16,0.5331635864921984,90,1.0,1.0,1.0,2.0,3.0,-0.8740107289522158,2,2.0,2.0,0.5,49,41
KXGOVSHUTLENGTH-26JAN01-41D,Politics,2.2100861472678113,0.03150241684195288,227.35125448028674,0.00774005488874011,-1.1080588471892401e-16,0.5324478067088904,1273,1.0,1.0,1.0,2.0,4.0,-0.08374712496988208,67,6.0,9.64864864864865,0.5522388059701493,635,638
HOUSEMOV-24-R-B1-5,Politics,1.104455154866174,0.011397040751373095,8.064723295982777,6.336314557510928e-05,-2.1381992586605745e-17,0.5067567567567568,586,1.0,1.0,1.0,1.0,2.0,0.006931706399146574,0,,,1.0,384,202
KXGOVSHUTLENGTH-26JAN01-20D,Politics,1.649014392991239,0.026164289265542224,35.525735294117645,0.008240780756978955,-2.473337902168684e-17,0.5191256227878238,2258,1.0,1.0,1.0,2.0,3.0,-0.8144342108538796,96,12.0,13.293103448275861,0.6041666666666666,1070,1188
KXDJTJOINTSESSION-25MAR04-EM,Politics,2.300896338277262,0.038994126502423634,15.787792917721774,0.0017480032459539986,-1.2452133638466325e-16,0.5243450347310641,2251,1.0,1.0,2.0,2.0,3.0,-0.9786086845402112,61,7.0,8.236842105263158,0.6229508196721312,1224,1027
PRES-2024-DJT,Politics,1.1508958133490113,0.011616433206659308,110.86369403100535,0.00010897312547085928,-1.3191993113719099e-16,0.49620132953466284,2224,1.0,1.0,1.0,1.0,2.0,-0.18818450282414012,0,,,1.0,1904,320
CLOSESTSTATE-24-WI,Politics,1.4711931384435764,0.014869202100083903,4.374219767389645,5.609853984680967e-06,1.4597570686166681e-16,0.5,125,1.0,1.0,1.0,2.0,2.0,0.255326214632625,0,,,1.0,114,11
PRES-2024-KH,Politics,1.1485304814820547,1.8308493130897292,132.24648290591676,0.0023151294271481705,1.0436058629630803e-16,0.4994640943193997,574,1.0,1.0,1.0,1.0,2.0,-0.02420791255469956,0,,,1.0,489,85
KXGOVSHUTLENGTH-26JAN01-40D,Politics,1.5026271310993533,0.042182755083078255,123.30934009406232,0.008969026504467044,-1.4202500303258909e-16,0.5151740959934358,5605,1.0,1.0,1.0,1.0,3.0,-0.09988615530047842,239,7.0,9.89864864864865,0.6192468619246861,2545,3060
KXFEDDECISION-25JUN-C25,Economics,1.3492654325054352,0.24433885921164245,281.01337374003555,0.0182687637371354,-3.819769895119848e-16,0.5088560147024037,4589,1.0,1.0,1.0,1.0,2.0,0.006812362260054177,22,9.0,13.545454545454545,0.5,2428,2161
KXFEDDECISION-25JUN-H0,Economics,1.2700441399301667,0.015073672214781257,202.4530930891363,0.002094000946625895,1.750727868596597e-16,0.5092728887134964,5074,1.0,1.0,1.0,1.0,2.0,0.22965408453558026,13,2.0,6.888888888888889,0.6923076923076923,2179,2895
KXCPI-25AUG-T0.3,Economics,5.2094138023565,0.1331957679916016,7.676725294562487,0.0015800300105742089,7.188432054155809e-17,0.49190239777408,1015,1.0,1.0,3.0,9.0,10.0,-2.7467375693962444,4,18.0,18.0,0.25,582,433
KXCPI-25AUG-T0.2,Economics,5.363720635230405,0.08891899476296183,5.270765740492279,0.00030631173129691677,-8.286386373632397e-17,0.5040908127785361,954,1.0,2.0,4.0,9.0,9.0,-2.2398835871764424,4,,,0.0,557,397
KXFEDDECISION-25JUN-C26,Economics,1.1493675472692535,1.5375808419826864,98.94655445022728,0.0022877145875278603,-2.2703289205062823e-16,0.5878284923928077,1881,1.0,1.0,1.0,1.0,1.0,-0.04760603319928678,32,3.0,4.619047619047619,0.65625,1735,146
KXAAAGASM-25MAY31-3.25,Economics,3.0492497736385977,0.4510606593990126,65.08203983960678,0.006008476696248674,4.595412855776097e-19,0.5179643940211484,1046,1.0,1.0,2.0,4.0,6.0,-0.9943610012337181,27,18.0,14.727272727272727,0.4074074074074074,559,487
KXFEDDECISION-25JAN-C25,Economics,1.3864886225178648,0.5301257798563002,15.454111370896038,0.003924815205919527,-1.71277137213552e-16,0.5052867527909829,764,1.0,1.0,1.0,2.0,2.0,-0.18214311883392478,68,13.0,12.517241379310345,0.4264705882352941,497,267
KXFEDDECISION-25MAY-C25,Economics,1.4116475507090795,0.14145883297079243,250.61283123340303,0.014497881531688909,-6.583931785109692e-17,0.5077430044514494,4573,1.0,1.0,1.0,2.0,2.0,-0.3164858590500805,52,7.5,9.277777777777779,0.34615384615384615,2266,2307
KXAAAGASM-25MAY31-3.20,Economics,3.6638283378746594,0.2033871873377328,41.528496821071755,0.006121976988922083,3.513185302265255e-17,0.5204465312492665,2597,1.0,1.0,2.0,4.0,6.0,-0.024157168424566326,16,26.0,26.0,0.125,1310,1287
KXFEDDECISION-25JAN-H0,Economics,1.2486251523034873,0.013362187429288686,15.524681397569731,0.0001891713736974123,9.874173757393298e-17,0.5290697674418604,906,1.0,1.0,1.0,1.0,2.0,-0.6262292125924175,63,12.0,13.0,0.20634920634920634,582,324
KXFEDDECISION-25JUL-H0,Economics,1.169653150630785,0.013085518464630049,247.51322507328965,0.0017761274406287826,-3.4311263566794257e-16,0.5150678662949509,4705,1.0,1.0,1.0,1.0,2.0,-0.10071539242660588,6,11.0,13.0,0.6666666666666666,2160,2545
KXFEDDECISION-25MAR-H0,Economics,1.3490337993525678,0.014553465975935417,18.694194314471098,0.00023372198303401773,-3.8971824186104076e-17,0.5240802597189503,1077,1.0,1.0,1.0,2.0,2.0,-0.3593533967675243,23,12.0,12.0,0.17391304347826086,688,389
KXFEDDECISION-25MAY-C26,Economics,1.2567517938866604,0.6262082358567951,107.5999773998531,0.010701574819660532,-1.8868584993911921e-16,0.5127301137109692,2730,1.0,1.0,1.0,1.0,2.0,-0.15296345156096022,22,10.5,9.9,0.45454545454545453,1692,1038
KXAAAGASM-25JUN30-3.30,Economics,3.2115962441314556,0.6325648565930364,50.98392018779343,0.011659806918659733,3.3692402024305224e-17,0.5058658951506697,1828,1.0,1.0,2.0,3.0,6.0,-0.782834180114221,48,17.0,16.066666666666666,0.3125,973,855
KXAAAGASM-25JUN30-3.25,Economics,3.5886384976525822,0.3711602089056916,39.703192488262914,0.009733567061504423,8.673291610217185e-17,0.5110747667653038,2115,1.0,1.0,2.0,4.0,7.0,-0.3248014703125079,36,11.0,9.692307692307692,0.3611111111111111,1051,1064
KXFEDDECISION-24DEC-C25,Economics,1.4107434164530412,0.015520507442235912,34.84304357958518,0.0007403975694152527,-2.4838361772084603e-18,0.51042350308526,698,1.0,1.0,1.0,2.0,2.0,-0.10212863011114036,9,9.0,11.0,0.5555555555555556,375,323
KXFEDDECISION-25SEP-H25,Economics,1.009929939544607,2.0,16.14296005424035,2.1083245905578877e-05,1.0004364639325215e-15,0.7608695652173914,476,1.0,1.0,1.0,1.0,1.0,0.08898044316234395,2,,,0.0,475,1
KXFEDDECISION-25MAR-C25,Economics,1.5274318268564724,0.5334661591264068,13.353016016624492,0.0026840874562183994,-3.616044683606442e-17,0.5174422538765023,871,1.0,1.0,1.0,2.0,2.0,-0.22062797117603797,35,19.0,17.11111111111111,0.2571428571428571,587,284
KXCPI-25JUN-T0.1,Economics,8.929039129947304,0.12467669221467893,3.4673281758044623,0.00048282752285981536,-2.2943862305068826e-17,0.5097250766677242,1048,1.0,2.0,4.0,6.0,12.0,-1.3336977303742943,2,,,0.0,623,425
KXFEDDECISION-25JUL-C25,Economics,1.242942784676702,0.19429995164803243,338.19172238874796,0.014066343152446793,-1.2919384371671508e-16,0.508622967347187,4196,1.0,1.0,1.0,1.0,2.0,-0.2624152984550019,36,3.0,5.666666666666667,0.6666666666666666,2314,1882
KXCPI-25JUN-T0.2,Economics,12.040923870389056,0.2224640175541647,5.46756362820944,0.0013272524438821612,1.1471931152534413e-17,0.5130491932545376,1189,2.0,3.0,5.0,6.0,32.0,-2.1262622456780753,3,,,0.0,647,542
KXAAAGASM-25JUN30-3.20,Economics,3.752417840375587,0.15526021430787543,50.34058685446009,0.0126326501592807,1.065084379586406e-16,0.5020641074695129,2844,1.0,1.0,2.0,4.0,7.0,0.0065115813284637595,44,10.0,10.727272727272727,0.5,1431,1413
KXFEDDECISION-25JUL-C26,Economics,1.1443723442801146,1.0878710198249808,193.77146809842222,0.011282541652472548,-3.281336392949901e-16,0.5091645860281362,2201,1.0,1.0,1.0,1.0,2.0,-5.1524036330703186e-05,3,,,0.0,1795,406
KXCPI-25JUN-T0.3,Economics,11.434914228052472,0.348435786695307,5.102489068281198,0.0018105524105530492,-9.55994262711201e-18,0.52717998385795,831,1.0,2.0,5.0,6.0,14.0,-2.673012873216572,3,,,0.0,485,346
KXFEDDECISION-25JUN-H25,Economics,1.138958429409052,1.9922859156095432,15.016848936030042,0.0002136165769494662,4.4938469354351154e-17,0.7100840336134454,800,1.0,1.0,1.0,1.0,1.0,-0.07884870931115388,6,3.5,3.5,0.3333333333333333,792,8
KXAAAGASM-25APR30-3.15,Economics,13.083295425827647,0.26748842984399046,33.779706848622695,0.007338680840122627,-5.602459781580775e-17,0.5027680718752148,2224,1.0,2.0,4.0,8.0,40.0,-1.6545738106261634,4,,,0.0,1063,1161
KXFEDDECISION-25MAY-H25,Economics,1.057079496016724,1.9259790715232101,28.367139386406013,0.0025959822233767066,7.133930964719465e-16,0.513243856100999,1088,1.0,1.0,1.0,1.0,1.0,-0.027225019485776002,65,2.0,5.0,0.8307692307692308,983,105
KXAAAGASM-25APR30-3.10,Economics,9.221506191559262,0.14712204186240427,31.24109173616376,0.002438998411667965,-4.489150466010236e-18,0.519149928113677,1810,1.0,2.0,3.0,6.0,11.0,-1.9478672414422487,4,,,0.0,902,908
KXFEDDECISION-25OCT-H0,Economics,2.6850293542074364,0.17415336599915854,123.42831865622962,0.006527951498024014,-3.337187017268572e-17,0.5029069725302602,4631,1.0,1.0,2.0,4.0,6.0,-1.7420187236649705,52,6.0,10.5,0.07692307692307693,2707,1924
KXCPI-25JUL-T0.2,Economics,36.076809116809116,0.7826219493121015,8.946575498575498,0.0015623894114404572,7.90301663933741e-17,0.5293638747780118,1645,1.0,2.0,5.0,98.0,100.0,-5.155638646092123,0,,,1.0,870,775
KXCPI-25APR-T0.1,Economics,10.405431586625031,0.15564702021260315,5.479805347252296,0.00048164612078584434,1.9434533378435944e-18,0.499060812674674,1081,1.0,2.0,5.0,14.0,16.0,-2.446807294893647,12,2.5,6.25,0.3333333333333333,627,454
KXAAAGASM-25JUL31-3.10,Economics,3.8298819255222525,0.05121381112899969,28.090213442325158,0.001976029612030819,-2.009493590802009e-16,0.5169998115163509,2232,1.0,2.0,3.0,4.0,7.0,-0.9534837453214932,35,8.5,8.833333333333334,0.17142857142857143,1167,1065
KXCPI-25MAY-T0.0,Economics,20.878239463907185,0.36703655407164826,2.9508239691837805,0.0002150498730598447,-5.830360013530784e-17,0.5028051970755524,818,1.0,2.0,6.0,10.0,100.0,-3.8558113707368573,0,,,1.0,503,315
KXFEDDECISION-25SEP-C26,Economics,1.1653200745804848,0.19161223290925788,413.30031357703825,0.013194349919486757,-1.9430627951177381e-16,0.5063119232189,4823,1.0,1.0,1.0,1.0,2.0,0.2763636980210186,34,6.0,6.806451612903226,0.9117647058823529,2622,2201
KXFEDDECISION-25OCT-C25,Economics,2.5972276581865623,0.042490926590224375,80.83488258317026,0.0005931731199038254,-6.118176198325716e-17,0.48771371199082036,4720,1.0,1.0,1.0,4.0,7.0,-1.9576620861713196,22,11.0,9.666666666666666,0.13636363636363635,2299,2421
KXCPI-25MAY-T0.1,Economics,18.787488888382377,0.3674024689011051,3.641875413124245,0.0012026769795125006,1.075377513606789e-16,0.5109585313039138,1019,1.0,2.0,5.0,9.0,100.0,-2.9190625164798907,0,,,1.0,603,416
KXCPI-25JUL-T0.3,Economics,33.37867806267806,0.8545352392996196,5.755156695156695,0.0037954343792269253,7.773458989512207e-17,0.5201743197278911,954,1.0,3.0,6.0,85.0,100.0,-4.880293784702603,0,,,1.0,522,432
KXCPI-25JUL-T0.1,Economics,38.661390313390314,0.7718020387971978,7.776740740740741,0.0007210117558031435,-1.619470622815043e-17,0.528069317631145,1283,2.0,3.0,7.0,100.0,100.0,-4.937389776041339,0,,,1.0,702,581
KXCPI-25APR-T0.2,Economics,12.202653112392587,0.21534938417411795,8.218346135436374,0.0007474663343015534,-4.672385733065642e-17,0.49382448747324875,1038,2.0,3.0,5.0,14.0,16.0,-2.288729610569311,13,2.0,2.0,0.23076923076923078,578,460
KXFEDDECISION-25SEP-C25,Economics,1.1154726255720662,0.015124532292648095,256.43478445109895,0.0018549177915152687,-1.0919691741157538e-16,0.5088143825314656,5632,1.0,1.0,1.0,1.0,1.0,0.04594474312891701,73,3.0,5.573770491803279,0.8356164383561644,2711,2921
KXFEDDECISION-25OCT-C26,Economics,3.1034980430528374,0.5165392485024989,111.63776908023483,0.004810894198380186,1.1448405462018573e-16,0.5095679786733573,2908,1.0,1.0,1.0,6.0,6.0,-2.3690796715669116,12,,,0.0,2022,886
KXCPI-25SEP-T0.3,Economics,4.786351097870463,0.1281705322662604,2.4380668652763986,0.0002215462991159987,-9.074845157699614e-17,0.5066749008007102,550,1.0,2.0,4.0,8.0,8.0,-1.71143711668762,104,17.0,17.0,0.019230769230769232,323,227
KXCPI-25MAY-T0.2,Economics,15.999270622022657,0.4094968419493266,3.0349417637271214,0.0013721298352757448,7.709031573446259e-17,0.4960708155941422,774,1.0,2.0,5.0,8.0,70.0,-3.1864589719180096,4,,,0.0,435,339
KXCPI-25APR-T0.3,Economics,13.047193034440316,0.3247241380108094,5.138524833040822,0.001723965435164894,-4.364672287907073e-17,0.5066977826275347,838,1.0,3.0,6.0,14.0,16.0,-2.358051407017438,7,2.0,2.0,0.14285714285714285,482,356
KXAAAGASM-25MAY31-3.10,Economics,2.7037238873751135,0.03535726984352388,27.45812897366031,0.0014222359902543228,7.050571651388823e-17,0.5142268989719014,2036,1.0,1.0,2.0,3.0,5.0,-0.7173043438677617,30,4.0,7.7272727272727275,0.36666666666666664,1069,967
KXFEDDECISION-24DEC-H0,Economics,1.4146015125072717,0.24060645969425246,23.71390343222804,0.007197236578364117,1.124302641807721e-16,0.4890374331550802,452,1.0,1.0,1.0,2.0,2.0,0.029473587961816865,7,2.0,11.0,0.42857142857142855,259,193
KXAAAGASM-25JUL31-3.15,Economics,5.940099909173479,0.1634890938972075,44.1066757493188,0.014119177815976366,2.0651559985761313e-17,0.5146751943113704,3104,1.0,2.0,4.0,6.0,13.0,0.3827045837409318,35,6.0,9.0,0.2857142857142857,1489,1615
KXFEDDECISION-25MAY-H0,Economics,1.3451466184530199,0.01656696010056618,186.98518277868806,0.002548399828724253,-8.832103614171538e-17,0.5076688168793433,4371,1.0,1.0,1.0,1.0,2.0,-0.3424634778084247,41,8.5,8.5,0.5853658536585366,2164,2207
KXFEDDECISION-25SEP-H0,Economics,1.164924572009718,0.12938776353846076,603.172834623425,0.015254902092332781,-4.1751762539719995e-17,0.5023178555063388,6031,1.0,1.0,1.0,1.0,2.0,0.0011287376545776847,77,5.0,9.421052631578947,0.7402597402597403,2931,3100
KXHIGHMIA-25OCT24-B85.5,Weather,3.6478070175438595,0.6290500421136254,104.2530701754386,0.02106061257327708,4.9862648123515803e-17,0.5447869182037075,144,1.0,1.0,3.0,5.0,7.0,-1.4565029892898194,32,13.5,14.2,0.625,82,62
KXHIGHNY-25OCT13-T58,Weather,2.682017543859649,0.4589927115928662,217.26008771929824,0.03035920372830361,-4.674623261579607e-17,0.5234704116120465,227,1.0,1.0,1.0,3.0,6.0,-0.3463521068585856,28,10.0,10.16,0.8928571428571429,118,109
KXHIGHNY-25OCT15-B65.5,Weather,3.7407894736842104,0.6050614872978437,48.87543859649123,0.017185414497201075,4.9862648123515803e-17,0.5601690676270509,142,1.0,1.0,1.0,4.0,10.0,-2.0518197201538486,14,8.0,9.333333333333334,0.21428571428571427,77,65
KXRAINNYC-25AUG21-T0,Weather,4.065789473684211,0.04915144360349676,35.20701754385965,0.0009673585287736433,1.8075209944774478e-16,0.563011401743796,72,1.0,1.0,1.0,7.0,9.0,-2.681954968923047,19,17.0,17.0,0.10526315789473684,55,17
KXHMONTH-25FEB,Weather,12.219525222551928,0.8318385859107162,3.15146884272997,0.004428002028777863,3.173195303617065e-17,0.5726505865295901,970,1.0,1.0,2.0,5.0,59.0,-3.9297187824079636,2,,,0.0,575,395
KXHIGHMIA-25NOV10-B85.5,Weather,4.55,0.3203124620453856,21.496052631578948,0.04442933867497795,5.609547913895528e-17,0.5432369127211534,107,1.0,1.0,4.0,6.0,10.0,-1.4684436269884762,24,5.0,8.076923076923077,0.5416666666666666,59,48
KXHIGHNY-25OCT28-T54,Weather,5.332017543859649,0.899393144037496,41.925877192982455,0.05107541128600852,3.739698609263685e-17,0.5587665316608338,172,1.0,1.0,4.0,7.0,10.0,-2.0967256050492766,5,3.0,4.0,0.6,96,76
KXHIGHNY-25OCT12-B61.5,Weather,3.5026315789473683,1.0648579009533432,51.30263157894737,0.054664259272655794,0.0,0.5666374095501822,140,1.0,1.0,1.0,5.0,9.0,-1.4696619766081216,7,7.5,11.0,0.5714285714285714,81,59
KXHIGHMIA-25OCT21-B88.5,Weather,4.87719298245614,0.5213309508895975,22.11622807017544,0.05791292707375761,-4.98626481235158e-17,0.5235794344213724,162,1.0,1.0,2.0,5.0,10.0,-1.5146879082012075,5,2.0,2.6666666666666665,0.6,80,82
KXHIGHNY-25OCT29-B54.5,Weather,3.2592105263157896,0.6001130003163248,38.85877192982456,0.00969878792528427,4.9862648123515803e-17,0.5648438674924463,163,1.0,1.0,3.0,5.0,6.0,-1.6425637773801565,25,7.5,8.444444444444445,0.72,87,76
KXRAINNYC-25JUN28-T0,Weather,44.29841713221602,0.6231800083401015,92.88454376163874,0.007051951020433501,-3.307927075233241e-18,0.6102172907998151,19,1.0,55.0,58.0,58.0,58.0,-4.323393175900127,2,11.0,11.0,0.5,15,4
KXHIGHLAX-25NOV03-B70.5,Weather,3.2996742671009773,0.9847104862312396,136.1231270358306,0.21608791683905168,4.1660486135771345e-17,0.65078384551495,115,1.0,1.0,1.0,4.0,7.0,-1.226449983162899,20,11.0,12.777777777777779,0.45,62,53
KXHIGHNY-25NOV06-B53.5,Weather,1.868421052631579,1.317145068411366,78.63026315789473,0.014538979101236155,-1.1842378929335003e-16,0.5821114369501467,123,1.0,1.0,1.0,1.0,3.0,-1.1557997445733963,16,7.0,8.8,0.625,81,42
KXHMONTH-25JUL,Weather,3.417826011660798,0.8771976511075011,3.442290596317035,0.006529137387785558,-7.760473682723025e-17,0.5179137148303075,1933,1.0,1.0,2.0,2.0,8.0,-1.8598039170373768,30,16.0,16.0,0.03333333333333333,1107,826
KXRAINNYC-25JUL13-T0,Weather,25.61725452812202,0.9590074597105498,26.52097235462345,0.01963468516550906,2.709409859905053e-17,0.5460552965004003,73,1.0,1.0,10.0,48.0,85.0,-5.307234541338206,0,,,1.0,53,20
KXHMONTH-25JAN,Weather,15.812506880986458,0.3238749796820203,12.139326213806012,0.004011056396004888,-1.3298719044282399e-17,0.5762486316365626,3149,1.0,2.0,5.0,8.0,93.0,-3.4804148160393407,0,,,1.0,1570,1579
KXHIGHNY-25OCT17-B61.5,Weather,2.6578947368421053,0.4639076528397331,35.420614035087716,0.021361339161559172,-2.804773956947764e-17,0.5255521504531405,213,1.0,1.0,2.0,4.0,5.0,-0.4082061919540394,32,11.0,11.275862068965518,0.90625,104,109
KXHIGHLAX-25OCT10-B74.5,Weather,3.1373983739837397,0.6978177318897654,67.0569105691057,0.018072512070257,-4.0437391466021965e-17,0.5454527111306772,179,1.0,1.0,2.0,5.0,6.0,-1.4158195781550436,35,6.0,11.0,0.9428571428571428,92,87
KXHIGHMIA-25NOV07-B86.5,Weather,3.2416666666666667,0.08489729007472852,23.607894736842105,0.01679316307282688,-9.037604972387239e-17,0.544701705641738,150,1.0,1.0,1.0,5.0,7.0,-1.1461308374307895,29,10.0,9.615384615384615,0.4482758620689655,81,69
KXHIGHNY-25OCT20-B68.5,Weather,5.165350877192982,0.18900361786766925,178.5872807017544,0.09055248531688206,-3.4280570584917116e-17,0.5274002849002849,144,1.0,1.0,1.0,5.0,17.0,-1.1452412718612583,22,6.0,6.777777777777778,0.4090909090909091,80,64
KXHMONTH-24DEC,Weather,2.6507298264940786,0.7220629144244363,2.22260167079776,0.0026337305884943864,3.1310062715950428e-18,0.507763342249395,496,1.0,1.0,2.0,4.0,5.0,-1.1296733564652732,21,15.0,15.0,0.047619047619047616,306,190
KXHIGHLAX-25OCT17-B74.5,Weather,2.539837398373984,0.5100745751660245,107.7239837398374,0.03185096580748022,-4.0437391466021965e-17,0.541990142688281,191,1.0,1.0,2.0,3.0,5.0,-0.9382561994305375,43,6.0,6.894736842105263,0.8837209302325582,98,93
KXRAINNYC-25OCT22-T0,Weather,11.610526315789473,0.1837114969026896,131.23245614035088,0.0034465361054584745,8.725963421615265e-17,0.5687144354597184,88,1.0,1.0,1.0,8.0,58.0,-3.072844364315515,7,,,0.0,75,13
KXHIGHLAX-25OCT14-T64,Weather,1.9752032520325202,1.1432414226502792,83.20365853658537,0.010453611885731667,1.155354041886342e-16,0.5426256613756613,161,1.0,1.0,1.0,1.0,4.0,-0.6824802595547326,26,11.5,11.444444444444445,0.6923076923076923,112,49
KXHIGHLAX-25OCT19-T78,Weather,2.7378048780487805,0.7334574959212091,74.72357723577235,0.06260827266201677,4.0437391466021965e-17,0.5483170146671386,190,1.0,1.0,2.0,3.0,5.0,-0.5119578800221617,38,8.5,10.764705882352942,0.8947368421052632,103,87
KXHIGHMIA-25OCT26-B84.5,Weather,2.7013157894736843,0.805065520688293,29.84298245614035,0.04041869516921316,-1.5582077538598687e-17,0.5478106003039513,163,1.0,1.0,1.0,4.0,6.0,-1.379599309567906,18,8.5,12.5,0.3333333333333333,103,60
KXHIGHNY-25OCT31-T58,Weather,2.9785087719298247,0.6358900992202609,50.30482456140351,0.1018028597673003,-3.739698609263685e-17,0.5666148573250438,215,1.0,1.0,1.0,5.0,6.0,0.21247956393103062,40,12.0,12.095238095238095,0.525,112,103
KXHIGHNY-25OCT20-T64,Weather,1.7776315789473685,1.3798746947859017,135.3530701754386,0.0925933960677177,-2.4931324061757902e-17,0.5376354142311588,136,1.0,1.0,1.0,1.0,2.0,-0.5068337967804809,14,2.0,6.0,0.6428571428571429,96,40
KXRAINNYC-25OCT20-T0,Weather,7.032894736842105,0.07880895400186605,149.32850877192982,0.0016285745313327684,-1.5582077538598687e-17,0.6648429584599798,93,1.0,1.0,1.0,12.0,22.0,-3.347703179839507,4,6.0,6.0,0.25,75,18
KXSUPERBOWLHEADLINE-26-BAD,Culture,7.162625153413862,0.7364355121984792,7.634164459660228,0.0015909166163848767,-7.3436365688015e-18,0.5255713428258709,587,3.0,4.0,6.0,10.0,10.0,-1.4327610450573838,66,2.0,3.5892857142857144,0.8484848484848485,356,231
KXRTCAPTAINAMERICA-50,Culture,7.727079231628798,0.11636613772978714,36.23386367264407,0.014399086937507004,-5.1420109649004214e-17,0.5921657497208329,820,1.0,3.0,6.0,11.0,17.0,-1.260899370473911,34,5.0,5.461538461538462,0.7647058823529411,382,438
KXRTCAPTAINAMERICA-45,Culture,3.5189258197455655,0.039627699903114974,7.88481006987995,0.0008107418088203884,9.675908962151517e-17,0.6029488216371394,647,1.0,1.0,3.0,5.0,6.0,-1.2746954399124277,28,8.0,10.421052631578947,0.6785714285714286,357,290
KXRTCAPTAINAMERICA-55,Culture,4.707272920881695,0.45735047687624125,18.994143328718987,0.014703423150005251,-3.934428948943159e-17,0.598019429265331,550,1.0,2.0,4.0,6.0,10.0,-2.129487925412865,42,16.0,17.625,0.19047619047619047,294,256
KXSBADS-25-PR,Culture,19.90383054590934,0.42974877548451074,4.848015540387712,0.004774387899327221,4.53785325995354e-17,0.5407880649816134,930,1.0,2.0,5.0,15.0,92.0,-4.14953505788085,2,,,0.0,555,375
KXSBADS-25-P,Culture,19.05814104394321,0.4918911019791356,6.235393360500428,0.004859770633183307,5.606587371741129e-17,0.5818378671974354,1147,2.0,5.0,14.0,29.0,45.0,-2.2309660206271142,30,,,0.0,607,540
KXRTMINECRAFT-45,Culture,5.0891507829712985,0.10981081599238243,4.561905747704319,0.001871279652778615,-6.7348528490429e-17,0.5523305836095906,1207,1.0,2.0,4.0,7.0,8.0,-0.6434774623879497,58,6.0,10.80952380952381,0.3620689655172414,648,559
KXRTMINECRAFT-50,Culture,7.565558135064397,0.262493553368707,5.25693879663448,0.004802874016685509,-3.6983903320797204e-17,0.5465709471360466,1115,1.0,3.0,5.0,11.0,18.0,-2.4097599043184244,116,15.0,15.0,0.008620689655172414,599,516
KXSBADS-25-CC,Culture,4.9867017655335175,0.08916786721730224,30.569463985839423,0.014236700206451782,-2.579921883575002e-17,0.5983806343780708,1392,1.0,2.0,3.0,5.0,9.0,-1.0007866719022172,42,11.5,12.607142857142858,0.6666666666666666,705,687
KXSBADS-25-CB,Culture,5.233710889312549,0.15082498886328552,28.20870247841202,0.02447373771440903,9.721454947037369e-17,0.5796747483080495,652,1.0,2.0,3.0,5.0,11.0,-1.5278507131084291,19,3.0,4.222222222222222,0.47368421052631576,314,338
KXSBADS-25-V,Culture,18.186031653067474,0.36884183306448404,8.184367803852144,0.008637201011619794,2.4212192734248095e-17,0.5656302673193357,2595,1.0,2.0,6.0,18.0,52.0,-3.507705498663911,2,,,0.0,1344,1251
KXSUPERBOWLHEADLINE-26-TAY,Culture,6.447862232011937,0.5866059693095276,10.967424795395676,0.0076112556219309745,-3.1393843542119647e-17,0.497026416685837,4931,1.0,3.0,5.0,10.0,10.0,-1.824405711294204,38,3.0,4.607142857142857,0.7368421052631579,2391,2540
KXSBADS-25-B,Culture,7.786177192233838,0.09351904977177328,5.886494559419671,0.0013074756767941632,-1.4401868977428958e-16,0.5919377244099122,705,1.0,1.0,2.0,6.0,23.0,-3.481569483554991,1,,,0.0,435,270
KXRTMINECRAFT-40,Culture,10.631331911002743,0.1784711266320469,3.6748857055775677,0.00154606788623414,1.4076585743494825e-18,0.5588062800537537,1026,1.0,2.0,7.0,18.0,26.0,-3.402106315186083,21,,,0.0,567,459
KXRTMINECRAFT-55,Culture,11.265796205657503,0.6123347277185041,2.7055761751962972,0.002755110614319083,-1.4709507002589799e-18,0.5101307383394333,503,1.0,3.0,8.0,17.0,28.0,-3.266650269812739,178,18.0,18.0,0.028089887640449437,281,222
KXSBADS-25-TM,Culture,18.632998385310326,0.29503653797141094,6.122342767925057,0.003977686768801794,3.0341977320046448e-18,0.6041658586179135,1047,1.0,4.0,9.0,14.0,50.0,-3.6123886520543897,2,,,0.0,529,518
KXSBADS-25-T,Culture,3.7154010258272434,0.2068721914598023,24.027188961009486,0.016315097101283926,-1.1094671195201056e-16,0.5512795277852466,1268,1.0,1.0,2.0,3.0,4.0,-1.3881059726893723,18,4.0,4.166666666666667,0.3333333333333333,686,582
KXSBADS-25-AP,Culture,5.071435054915131,0.08549600142590892,20.031042933648,0.012181737588851676,7.997394865594302e-17,0.5906227897031006,1323,1.0,2.0,3.0,5.0,10.0,-1.2525785313806177,8,12.0,10.666666666666666,0.375,659,664
KXSBADS-25-SF,Culture,8.374916841853162,0.26136325983400277,13.312741158625828,0.014649712875974797,-3.6303309099746994e-17,0.5415249238964992,2038,1.0,1.0,3.0,6.0,39.0,-2.7724965820535195,5,,,0.0,1093,945
KXRTCAPTAINAMERICA-60,Culture,4.682133894963255,0.3212888684739375,5.85745653342893,0.003849469393871332,1.080969971278697e-16,0.5666773721515529,876,1.0,2.0,4.0,6.0,9.0,-1.8594675983265196,15,14.0,12.4,0.3333333333333333,515,361
KXSUPERBOWLHEADLINE-26-ADE,Culture,4.572872570194384,0.5621089539528815,16.406868250539958,0.018954560564804736,-9.330669186655311e-17,0.5013109600958618,835,2.0,3.0,4.0,4.0,5.0,0.563014434168212,71,3.0,5.535714285714286,0.7887323943661971,471,364
